Station_Name,Tofino, B.C.
Station_Number,8615
Latitude_Decimal_Degrees,49.154
Longitude_Decimal_Degrees,125.913
Datum,CD
Time_Zone,PST
SLEV=Observed Water Level
Obs_date,SLEV(metres),ATMS,PSAL,TEMP
2006/09/15 00:00,0.97,
2006/09/15 01:00,0.92,
2006/09/15 02:00,1.06,
2006/09/15 03:00,1.36,
2006/09/15 04:00,1.74,
2006/09/15 05:00,2.08,
2006/09/15 06:00,2.37,
2006/09/15 07:00,2.55,
2006/09/15 08:00,2.57,
2006/09/15 09:00,2.45,
2006/09/15 10:00,2.26,
2006/09/15 11:00,2.08,
2006/09/15 12:00,1.97,
2006/09/15 13:00,1.97,
2006/09/15 14:00,2.07,
2006/09/15 15:00,2.26,
2006/09/15 16:00,2.53,
2006/09/15 17:00,2.76,
2006/09/15 18:00,2.94,
2006/09/15 19:00,2.97,
2006/09/15 20:00,2.79,
2006/09/15 21:00,2.46,
2006/09/15 22:00,2.06,
2006/09/15 23:00,1.65,
2006/09/16 00:00,1.24,
2006/09/16 01:00,0.96,
2006/09/16 02:00,0.86,
2006/09/16 03:00,0.95,
2006/09/16 04:00,1.2,
2006/09/16 05:00,1.53,
2006/09/16 06:00,1.9,
2006/09/16 07:00,2.23,
2006/09/16 08:00,2.47,
2006/09/16 09:00,2.55,
2006/09/16 10:00,2.46,
2006/09/16 11:00,2.27,
2006/09/16 12:00,2.05,
2006/09/16 13:00,1.89,
2006/09/16 14:00,1.82,
2006/09/16 15:00,1.85,
2006/09/16 16:00,2.02,
2006/09/16 17:00,2.27,
2006/09/16 18:00,2.57,
2006/09/16 19:00,2.79,
2006/09/16 20:00,2.89,
2006/09/16 21:00,2.77,
2006/09/16 22:00,2.51,
2006/09/16 23:00,2.12,
2006/09/17 00:00,1.66,
2006/09/17 01:00,1.25,
2006/09/17 02:00,0.96,
2006/09/17 03:00,0.83,
2006/09/17 04:00,0.88,
2006/09/17 05:00,1.14,
2006/09/17 06:00,1.53,
2006/09/17 07:00,1.97,
2006/09/17 08:00,2.37,
2006/09/17 09:00,2.65,
2006/09/17 10:00,2.75,
2006/09/17 11:00,2.66,
2006/09/17 12:00,2.45,
2006/09/17 13:00,2.19,
2006/09/17 14:00,1.96,
2006/09/17 15:00,1.83,
2006/09/17 16:00,1.87,
2006/09/17 17:00,2.02,
2006/09/17 18:00,2.33,
2006/09/17 19:00,2.66,
2006/09/17 20:00,2.93,
2006/09/17 21:00,3.09,
2006/09/17 22:00,2.98,
2006/09/17 23:00,2.68,
2006/09/18 00:00,2.24,
2006/09/18 01:00,1.72,
2006/09/18 02:00,1.27,
2006/09/18 03:00,0.94,
2006/09/18 04:00,0.8,
2006/09/18 05:00,0.92,
2006/09/18 06:00,1.21,
2006/09/18 07:00,1.69,
2006/09/18 08:00,2.18,
2006/09/18 09:00,2.6,
2006/09/18 10:00,2.88,
2006/09/18 11:00,2.91,
2006/09/18 12:00,2.72,
2006/09/18 13:00,2.4,
2006/09/18 14:00,2.02,
2006/09/18 15:00,1.77,
2006/09/18 16:00,1.65,
2006/09/18 17:00,1.69,
2006/09/18 18:00,1.91,
2006/09/18 19:00,2.28,
2006/09/18 20:00,2.65,
2006/09/18 21:00,2.97,
2006/09/18 22:00,3.13,
2006/09/18 23:00,3.02,
2006/09/19 00:00,2.66,
2006/09/19 01:00,2.16,
2006/09/19 02:00,1.61,
2006/09/19 03:00,1.15,
2006/09/19 04:00,0.82,
2006/09/19 05:00,0.76,
2006/09/19 06:00,0.94,
2006/09/19 07:00,1.34,
2006/09/19 08:00,1.83,
2006/09/19 09:00,2.34,
2006/09/19 10:00,2.75,
2006/09/19 11:00,2.96,
2006/09/19 12:00,2.86,
2006/09/19 13:00,2.54,
2006/09/19 14:00,2.15,
2006/09/19 15:00,1.73,
2006/09/19 16:00,1.46,
2006/09/19 17:00,1.34,
2006/09/19 18:00,1.47,
2006/09/19 19:00,1.78,
2006/09/19 20:00,2.23,
2006/09/19 21:00,2.65,
2006/09/19 22:00,2.99,
2006/09/19 23:00,3.11,
2006/09/20 00:00,2.93,
2006/09/20 01:00,2.46,
2006/09/20 02:00,1.93,
2006/09/20 03:00,1.36,
2006/09/20 04:00,0.92,
2006/09/20 05:00,0.68,
2006/09/20 06:00,0.76,
2006/09/20 07:00,1.06,
2006/09/20 08:00,1.55,
2006/09/20 09:00,2.14,
2006/09/20 10:00,2.66,
2006/09/20 11:00,3.02,
2006/09/20 12:00,3.13,
2006/09/20 13:00,2.85,
2006/09/20 14:00,2.4,
2006/09/20 15:00,1.9,
2006/09/20 16:00,1.47,
2006/09/20 17:00,1.23,
2006/09/20 18:00,1.22,
2006/09/20 19:00,1.44,
2006/09/20 20:00,1.85,
2006/09/20 21:00,2.35,
2006/09/20 22:00,2.81,
2006/09/20 23:00,3.12,
2006/09/21 00:00,3.14,
2006/09/21 01:00,2.81,
2006/09/21 02:00,2.28,
2006/09/21 03:00,1.7,
2006/09/21 04:00,1.18,
2006/09/21 05:00,0.83,
2006/09/21 06:00,0.71,
2006/09/21 07:00,0.87,
2006/09/21 08:00,1.29,
2006/09/21 09:00,1.87,
2006/09/21 10:00,2.42,
2006/09/21 11:00,2.87,
2006/09/21 12:00,3.09,
2006/09/21 13:00,2.98,
2006/09/21 14:00,2.57,
2006/09/21 15:00,2.01,
2006/09/21 16:00,1.51,
2006/09/21 17:00,1.11,
2006/09/21 18:00,0.93,
2006/09/21 19:00,1.03,
2006/09/21 20:00,1.35,
2006/09/21 21:00,1.88,
2006/09/21 22:00,2.41,
2006/09/21 23:00,2.86,
2006/09/22 00:00,3.08,
2006/09/22 01:00,2.95,
2006/09/22 02:00,2.51,
2006/09/22 03:00,1.98,
2006/09/22 04:00,1.43,
2006/09/22 05:00,0.95,
2006/09/22 06:00,0.74,
2006/09/22 07:00,0.75,
2006/09/22 08:00,1.08,
2006/09/22 09:00,1.62,
2006/09/22 10:00,2.21,
2006/09/22 11:00,2.72,
2006/09/22 12:00,3.04,
2006/09/22 13:00,3.06,
2006/09/22 14:00,2.72,
2006/09/22 15:00,2.17,
2006/09/22 16:00,1.61,
2006/09/22 17:00,1.11,
2006/09/22 18:00,0.8,
2006/09/22 19:00,0.77,
2006/09/22 20:00,0.98,
2006/09/22 21:00,1.47,
2006/09/22 22:00,2.03,
2006/09/22 23:00,2.53,
2006/09/23 00:00,2.92,
2006/09/23 01:00,3.01,
2006/09/23 02:00,2.76,
2006/09/23 03:00,2.29,
2006/09/23 04:00,1.73,
2006/09/23 05:00,1.22,
2006/09/23 06:00,0.9,
2006/09/23 07:00,0.81,
2006/09/23 08:00,1.02,
2006/09/23 09:00,1.46,
2006/09/23 10:00,2.04,
2006/09/23 11:00,2.59,
2006/09/23 12:00,3.01,
2006/09/23 13:00,3.18,
2006/09/23 14:00,2.96,
2006/09/23 15:00,2.46,
2006/09/23 16:00,1.88,
2006/09/23 17:00,1.3,
2006/09/23 18:00,0.86,
2006/09/23 19:00,0.69,
2006/09/23 20:00,0.79,
2006/09/23 21:00,1.16,
2006/09/23 22:00,1.69,
2006/09/23 23:00,2.25,
2006/09/24 00:00,2.71,
2006/09/24 01:00,2.99,
2006/09/24 02:00,2.93,
2006/09/24 03:00,2.57,
2006/09/24 04:00,2.09,
2006/09/24 05:00,1.57,
2006/09/24 06:00,1.17,
2006/09/24 07:00,0.99,
2006/09/24 08:00,1.08,
2006/09/24 09:00,1.42,
2006/09/24 10:00,1.94,
2006/09/24 11:00,2.48,
2006/09/24 12:00,2.97,
2006/09/24 13:00,3.24,
2006/09/24 14:00,3.16,
2006/09/24 15:00,2.75,
2006/09/24 16:00,2.21,
2006/09/24 17:00,1.62,
2006/09/24 18:00,1.07,
2006/09/24 19:00,0.75,
2006/09/24 20:00,0.7,
2006/09/24 21:00,0.91,
2006/09/24 22:00,1.38,
2006/09/24 23:00,1.92,
2006/09/25 00:00,2.43,
2006/09/25 01:00,2.84,
2006/09/25 02:00,2.97,
2006/09/25 03:00,2.8,
2006/09/25 04:00,2.39,
2006/09/25 05:00,1.94,
2006/09/25 06:00,1.48,
2006/09/25 07:00,1.22,
2006/09/25 08:00,1.18,
2006/09/25 09:00,1.4,
2006/09/25 10:00,1.82,
2006/09/25 11:00,2.34,
2006/09/25 12:00,2.85,
2006/09/25 13:00,3.21,
2006/09/25 14:00,3.27,
2006/09/25 15:00,3.01,
2006/09/25 16:00,2.5,
2006/09/25 17:00,1.93,
2006/09/25 18:00,1.35,
2006/09/25 19:00,0.9,
2006/09/25 20:00,0.69,
2006/09/25 21:00,0.75,
2006/09/25 22:00,1.06,
2006/09/25 23:00,1.58,
2006/09/26 00:00,2.1,
2006/09/26 01:00,2.55,
2006/09/26 02:00,2.85,
2006/09/26 03:00,2.86,
2006/09/26 04:00,2.61,
2006/09/26 05:00,2.23,
2006/09/26 06:00,1.82,
2006/09/26 07:00,1.48,
2006/09/26 08:00,1.37,
2006/09/26 09:00,1.47,
2006/09/26 10:00,1.78,
2006/09/26 11:00,2.23,
2006/09/26 12:00,2.69,
2006/09/26 13:00,3.07,
2006/09/26 14:00,3.28,
2006/09/26 15:00,3.16,
2006/09/26 16:00,2.78,
2006/09/26 17:00,2.26,
2006/09/26 18:00,1.7,
2006/09/26 19:00,1.17,
2006/09/26 20:00,0.83,
2006/09/26 21:00,0.74,
2006/09/26 22:00,0.9,
2006/09/26 23:00,1.28,
2006/09/27 00:00,1.74,
2006/09/27 01:00,2.22,
2006/09/27 02:00,2.59,
2006/09/27 03:00,2.76,
2006/09/27 04:00,2.71,
2006/09/27 05:00,2.45,
2006/09/27 06:00,2.12,
2006/09/27 07:00,1.79,
2006/09/27 08:00,1.6,
2006/09/27 09:00,1.56,
2006/09/27 10:00,1.73,
2006/09/27 11:00,2.1,
2006/09/27 12:00,2.5,
2006/09/27 13:00,2.88,
2006/09/27 14:00,3.16,
2006/09/27 15:00,3.2,
2006/09/27 16:00,2.97,
2006/09/27 17:00,2.55,
2006/09/27 18:00,2.04,
2006/09/27 19:00,1.51,
2006/09/27 20:00,1.07,
2006/09/27 21:00,0.83,
2006/09/27 22:00,0.81,
2006/09/27 23:00,1.01,
2006/09/28 00:00,1.39,
2006/09/28 01:00,1.81,
2006/09/28 02:00,2.22,
2006/09/28 03:00,2.51,
2006/09/28 04:00,2.62,
2006/09/28 05:00,2.52,
2006/09/28 06:00,2.28,
2006/09/28 07:00,2.02,
2006/09/28 08:00,1.82,
2006/09/28 09:00,1.71,
2006/09/28 10:00,1.78,
2006/09/28 11:00,1.97,
2006/09/28 12:00,2.3,
2006/09/28 13:00,2.65,
2006/09/28 14:00,2.94,
2006/09/28 15:00,3.1,
2006/09/28 16:00,3.05,
2006/09/28 17:00,2.77,
2006/09/28 18:00,2.38,
2006/09/28 19:00,1.9,
2006/09/28 20:00,1.45,
2006/09/28 21:00,1.08,
2006/09/28 22:00,0.89,
2006/09/28 23:00,0.91,
2006/09/29 00:00,1.1,
2006/09/29 01:00,1.43,
2006/09/29 02:00,1.79,
2006/09/29 03:00,2.12,
2006/09/29 04:00,2.38,
2006/09/29 05:00,2.48,
2006/09/29 06:00,2.41,
2006/09/29 07:00,2.23,
2006/09/29 08:00,2.06,
2006/09/29 09:00,1.93,
2006/09/29 10:00,1.86,
2006/09/29 11:00,1.93,
2006/09/29 12:00,2.13,
2006/09/29 13:00,2.4,
2006/09/29 14:00,2.7,
2006/09/29 15:00,2.91,
2006/09/29 16:00,3.03,
2006/09/29 17:00,2.96,
2006/09/29 18:00,2.71,
2006/09/29 19:00,2.34,
2006/09/29 20:00,1.88,
2006/09/29 21:00,1.47,
2006/09/29 22:00,1.14,
2006/09/29 23:00,0.97,
2006/09/30 00:00,0.97,
2006/09/30 01:00,1.11,
2006/09/30 02:00,1.39,
2006/09/30 03:00,1.72,
2006/09/30 04:00,2.04,
2006/09/30 05:00,2.3,
2006/09/30 06:00,2.44,
2006/09/30 07:00,2.42,
2006/09/30 08:00,2.32,
2006/09/30 09:00,2.19,
2006/09/30 10:00,2.08,
2006/09/30 11:00,2,
2006/09/30 12:00,2.04,
2006/09/30 13:00,2.19,
2006/09/30 14:00,2.39,
2006/09/30 15:00,2.62,
2006/09/30 16:00,2.82,
2006/09/30 17:00,2.92,
2006/09/30 18:00,2.88,
2006/09/30 19:00,2.66,
2006/09/30 20:00,2.36,
2006/09/30 21:00,1.95,
2006/09/30 22:00,1.56,
2006/09/30 23:00,1.22,
2006/10/01 00:00,1,
2006/10/01 01:00,0.94,
2006/10/01 02:00,1.05,
2006/10/01 03:00,1.28,
2006/10/01 04:00,1.64,
2006/10/01 05:00,1.97,
2006/10/01 06:00,2.27,
2006/10/01 07:00,2.47,
2006/10/01 08:00,2.55,
2006/10/01 09:00,2.46,
2006/10/01 10:00,2.3,
2006/10/01 11:00,2.13,
2006/10/01 12:00,2,
2006/10/01 13:00,1.98,
2006/10/01 14:00,2.06,
2006/10/01 15:00,2.24,
2006/10/01 16:00,2.47,
2006/10/01 17:00,2.72,
2006/10/01 18:00,2.87,
2006/10/01 19:00,2.92,
2006/10/01 20:00,2.78,
2006/10/01 21:00,2.46,
2006/10/01 22:00,2.07,
2006/10/01 23:00,1.64,
2006/10/02 00:00,1.25,
2006/10/02 01:00,0.95,
2006/10/02 02:00,0.84,
2006/10/02 03:00,0.93,
2006/10/02 04:00,1.16,
2006/10/02 05:00,1.55,
2006/10/02 06:00,1.96,
2006/10/02 07:00,2.33,
2006/10/02 08:00,2.6,
2006/10/02 09:00,2.69,
2006/10/02 10:00,2.58,
2006/10/02 11:00,2.37,
2006/10/02 12:00,2.1,
2006/10/02 13:00,1.9,
2006/10/02 14:00,1.78,
2006/10/02 15:00,1.8,
2006/10/02 16:00,1.98,
2006/10/02 17:00,2.27,
2006/10/02 18:00,2.6,
2006/10/02 19:00,2.87,
2006/10/02 20:00,3,
2006/10/02 21:00,2.9,
2006/10/02 22:00,2.6,
2006/10/02 23:00,2.16,
2006/10/03 00:00,1.64,
2006/10/03 01:00,1.17,
2006/10/03 02:00,0.81,
2006/10/03 03:00,0.65,
2006/10/03 04:00,0.75,
2006/10/03 05:00,1.04,
2006/10/03 06:00,1.5,
2006/10/03 07:00,2.01,
2006/10/03 08:00,2.48,
2006/10/03 09:00,2.78,
2006/10/03 10:00,2.85,
2006/10/03 11:00,2.66,
2006/10/03 12:00,2.31,
2006/10/03 13:00,1.96,
2006/10/03 14:00,1.62,
2006/10/03 15:00,1.43,
2006/10/03 16:00,1.44,
2006/10/03 17:00,1.65,
2006/10/03 18:00,2.06,
2006/10/03 19:00,2.5,
2006/10/03 20:00,2.88,
2006/10/03 21:00,3.1,
2006/10/03 22:00,3.05,
2006/10/03 23:00,2.68,
2006/10/04 00:00,2.16,
2006/10/04 01:00,1.55,
2006/10/04 02:00,1,
2006/10/04 03:00,0.63,
2006/10/04 04:00,0.5,
2006/10/04 05:00,0.65,
2006/10/04 06:00,1.05,
2006/10/04 07:00,1.63,
2006/10/04 08:00,2.24,
2006/10/04 09:00,2.75,
2006/10/04 10:00,3.08,
2006/10/04 11:00,3.05,
2006/10/04 12:00,2.71,
2006/10/04 13:00,2.22,
2006/10/04 14:00,1.71,
2006/10/04 15:00,1.29,
2006/10/04 16:00,1.08,
2006/10/04 17:00,1.11,
2006/10/04 18:00,1.43,
2006/10/04 19:00,1.94,
2006/10/04 20:00,2.49,
2006/10/04 21:00,2.97,
2006/10/04 22:00,3.26,
2006/10/04 23:00,3.23,
2006/10/05 00:00,2.78,
2006/10/05 01:00,2.17,
2006/10/05 02:00,1.52,
2006/10/05 03:00,0.93,
2006/10/05 04:00,0.55,
2006/10/05 05:00,0.49,
2006/10/05 06:00,0.74,
2006/10/05 07:00,1.27,
2006/10/05 08:00,1.97,
2006/10/05 09:00,2.63,
2006/10/05 10:00,3.19,
2006/10/05 11:00,3.43,
2006/10/05 12:00,3.23,
2006/10/05 13:00,2.71,
2006/10/05 14:00,2.06,
2006/10/05 15:00,1.41,
2006/10/05 16:00,0.92,
2006/10/05 17:00,0.71,
2006/10/05 18:00,0.82,
2006/10/05 19:00,1.26,
2006/10/05 20:00,1.88,
2006/10/05 21:00,2.53,
2006/10/05 22:00,3.12,
2006/10/05 23:00,3.43,
2006/10/06 00:00,3.32,
2006/10/06 01:00,2.8,
2006/10/06 02:00,2.15,
2006/10/06 03:00,1.42,
2006/10/06 04:00,0.86,
2006/10/06 05:00,0.55,
2006/10/06 06:00,0.6,
2006/10/06 07:00,0.96,
2006/10/06 08:00,1.61,
2006/10/06 09:00,2.35,
2006/10/06 10:00,3.04,
2006/10/06 11:00,3.51,
2006/10/06 12:00,3.63,
2006/10/06 13:00,3.21,
2006/10/06 14:00,2.52,
2006/10/06 15:00,1.72,
2006/10/06 16:00,1.01,
2006/10/06 17:00,0.51,
2006/10/06 18:00,0.36,
2006/10/06 19:00,0.55,
2006/10/06 20:00,1.06,
2006/10/06 21:00,1.78,
2006/10/06 22:00,2.51,
2006/10/06 23:00,3.13,
2006/10/07 00:00,3.42,
2006/10/07 01:00,3.22,
2006/10/07 02:00,2.64,
2006/10/07 03:00,1.96,
2006/10/07 04:00,1.29,
2006/10/07 05:00,0.78,
2006/10/07 06:00,0.58,
2006/10/07 07:00,0.76,
2006/10/07 08:00,1.26,
2006/10/07 09:00,1.97,
2006/10/07 10:00,2.71,
2006/10/07 11:00,3.37,
2006/10/07 12:00,3.74,
2006/10/07 13:00,3.61,
2006/10/07 14:00,3.01,
2006/10/07 15:00,2.18,
2006/10/07 16:00,1.35,
2006/10/07 17:00,0.61,
2006/10/07 18:00,0.15,
2006/10/07 19:00,0.1,
2006/10/07 20:00,0.38,
2006/10/07 21:00,1,
2006/10/07 22:00,1.78,
2006/10/07 23:00,2.52,
2006/10/08 00:00,3.11,
2006/10/08 01:00,3.35,
2006/10/08 02:00,3.12,
2006/10/08 03:00,2.56,
2006/10/08 04:00,1.89,
2006/10/08 05:00,1.29,
2006/10/08 06:00,0.89,
2006/10/08 07:00,0.84,
2006/10/08 08:00,1.1,
2006/10/08 09:00,1.68,
2006/10/08 10:00,2.39,
2006/10/08 11:00,3.1,
2006/10/08 12:00,3.64,
2006/10/08 13:00,3.82,
2006/10/08 14:00,3.47,
2006/10/08 15:00,2.8,
2006/10/08 16:00,1.94,
2006/10/08 17:00,1.06,
2006/10/08 18:00,0.38,
2006/10/08 19:00,0.01,
2006/10/08 20:00,0.03,
2006/10/08 21:00,0.38,
2006/10/08 22:00,1.04,
2006/10/08 23:00,1.82,
2006/10/09 00:00,2.54,
2006/10/09 01:00,3.04,
2006/10/09 02:00,3.21,
2006/10/09 03:00,2.92,
2006/10/09 04:00,2.38,
2006/10/09 05:00,1.78,
2006/10/09 06:00,1.28,
2006/10/09 07:00,1,
2006/10/09 08:00,1.03,
2006/10/09 09:00,1.36,
2006/10/09 10:00,1.96,
2006/10/09 11:00,2.64,
2006/10/09 12:00,3.26,
2006/10/09 13:00,3.67,
2006/10/09 14:00,3.67,
2006/10/09 15:00,3.21,
2006/10/09 16:00,2.5,
2006/10/09 17:00,1.66,
2006/10/09 18:00,0.86,
2006/10/09 19:00,0.3,
2006/10/09 20:00,0.02,
2006/10/09 21:00,0.12,
2006/10/09 22:00,0.51,
2006/10/09 23:00,1.19,
2006/10/10 00:00,1.91,
2006/10/10 01:00,2.55,
2006/10/10 02:00,2.99,
2006/10/10 03:00,3.09,
2006/10/10 04:00,2.79,
2006/10/10 05:00,2.31,
2006/10/10 06:00,1.82,
2006/10/10 07:00,1.43,
2006/10/10 08:00,1.28,
2006/10/10 09:00,1.38,
2006/10/10 10:00,1.74,
2006/10/10 11:00,2.29,
2006/10/10 12:00,2.86,
2006/10/10 13:00,3.36,
2006/10/10 14:00,3.62,
2006/10/10 15:00,3.48,
2006/10/10 16:00,2.98,
2006/10/10 17:00,2.31,
2006/10/10 18:00,1.52,
2006/10/10 19:00,0.88,
2006/10/10 20:00,0.38,
2006/10/10 21:00,0.19,
2006/10/10 22:00,0.33,
2006/10/10 23:00,0.75,
2006/10/11 00:00,1.36,
2006/10/11 01:00,1.98,
2006/10/11 02:00,2.54,
2006/10/11 03:00,2.86,
2006/10/11 04:00,2.91,
2006/10/11 05:00,2.65,
2006/10/11 06:00,2.26,
2006/10/11 07:00,1.9,
2006/10/11 08:00,1.63,
2006/10/11 09:00,1.53,
2006/10/11 10:00,1.65,
2006/10/11 11:00,2.01,
2006/10/11 12:00,2.47,
2006/10/11 13:00,2.96,
2006/10/11 14:00,3.32,
2006/10/11 15:00,3.44,
2006/10/11 16:00,3.23,
2006/10/11 17:00,2.77,
2006/10/11 18:00,2.17,
2006/10/11 19:00,1.53,
2006/10/11 20:00,0.95,
2006/10/11 21:00,0.59,
2006/10/11 22:00,0.45,
2006/10/11 23:00,0.61,
2006/10/12 00:00,0.99,
2006/10/12 01:00,1.53,
2006/10/12 02:00,2.04,
2006/10/12 03:00,2.49,
2006/10/12 04:00,2.75,
2006/10/12 05:00,2.79,
2006/10/12 06:00,2.6,
2006/10/12 07:00,2.3,
2006/10/12 08:00,2.03,
2006/10/12 09:00,1.84,
2006/10/12 10:00,1.79,
2006/10/12 11:00,1.91,
2006/10/12 12:00,2.2,
2006/10/12 13:00,2.57,
2006/10/12 14:00,2.92,
2006/10/12 15:00,3.17,
2006/10/12 16:00,3.22,
2006/10/12 17:00,3.04,
2006/10/12 18:00,2.66,
2006/10/12 19:00,2.14,
2006/10/12 20:00,1.61,
2006/10/12 21:00,1.17,
2006/10/12 22:00,0.85,
2006/10/12 23:00,0.75,
2006/10/13 00:00,0.89,
2006/10/13 01:00,1.18,
2006/10/13 02:00,1.59,
2006/10/13 03:00,2.04,
2006/10/13 04:00,2.4,
2006/10/13 05:00,2.64,
2006/10/13 06:00,2.7,
2006/10/13 07:00,2.58,
2006/10/13 08:00,2.33,
2006/10/13 09:00,2.13,
2006/10/13 10:00,1.96,
2006/10/13 11:00,1.92,
2006/10/13 12:00,1.99,
2006/10/13 13:00,2.21,
2006/10/13 14:00,2.5,
2006/10/13 15:00,2.76,
2006/10/13 16:00,2.95,
2006/10/13 17:00,3.03,
2006/10/13 18:00,2.91,
2006/10/13 19:00,2.6,
2006/10/13 20:00,2.16,
2006/10/13 21:00,1.73,
2006/10/13 22:00,1.32,
2006/10/13 23:00,1.06,
2006/10/14 00:00,0.94,
2006/10/14 01:00,1,
2006/10/14 02:00,1.23,
2006/10/14 03:00,1.61,
2006/10/14 04:00,1.97,
2006/10/14 05:00,2.35,
2006/10/14 06:00,2.56,
2006/10/14 07:00,2.71,
2006/10/14 08:00,2.61,
2006/10/14 09:00,2.42,
2006/10/14 10:00,2.23,
2006/10/14 11:00,2.08,
2006/10/14 12:00,2.01,
2006/10/14 13:00,1.96,
2006/10/14 14:00,2.12,
2006/10/14 15:00,2.33,
2006/10/14 16:00,2.58,
2006/10/14 17:00,2.75,
2006/10/14 18:00,2.86,
2006/10/14 19:00,2.82,
2006/10/14 20:00,2.61,
2006/10/14 21:00,2.29,
2006/10/14 22:00,1.9,
2006/10/14 23:00,1.57,
2006/10/15 00:00,1.29,
2006/10/15 01:00,1.17,
2006/10/15 02:00,1.17,
2006/10/15 03:00,1.34,
2006/10/15 04:00,1.66,
2006/10/15 05:00,2.05,
2006/10/15 06:00,2.42,
2006/10/15 07:00,2.72,
2006/10/15 08:00,2.87,
2006/10/15 09:00,2.83,
2006/10/15 10:00,2.63,
2006/10/15 11:00,2.41,
2006/10/15 12:00,2.19,
2006/10/15 13:00,2.03,
2006/10/15 14:00,1.97,
2006/10/15 15:00,2.04,
2006/10/15 16:00,2.23,
2006/10/15 17:00,2.49,
2006/10/15 18:00,2.72,
2006/10/15 19:00,2.87,
2006/10/15 20:00,2.88,
2006/10/15 21:00,2.73,
2006/10/15 22:00,2.43,
2006/10/15 23:00,2.04,
2006/10/16 00:00,1.64,
2006/10/16 01:00,1.35,
2006/10/16 02:00,1.16,
2006/10/16 03:00,1.15,
2006/10/16 04:00,1.33,
2006/10/16 05:00,1.67,
2006/10/16 06:00,2.07,
2006/10/16 07:00,2.46,
2006/10/16 08:00,2.75,
2006/10/16 09:00,2.89,
2006/10/16 10:00,2.83,
2006/10/16 11:00,2.59,
2006/10/16 12:00,2.27,
2006/10/16 13:00,1.99,
2006/10/16 14:00,1.74,
2006/10/16 15:00,1.67,
2006/10/16 16:00,1.72,
2006/10/16 17:00,1.93,
2006/10/16 18:00,2.23,
2006/10/16 19:00,2.54,
2006/10/16 20:00,2.76,
2006/10/16 21:00,2.83,
2006/10/16 22:00,2.68,
2006/10/16 23:00,2.35,
2006/10/17 00:00,1.92,
2006/10/17 01:00,1.52,
2006/10/17 02:00,1.19,
2006/10/17 03:00,0.99,
2006/10/17 04:00,1.01,
2006/10/17 05:00,1.23,
2006/10/17 06:00,1.63,
2006/10/17 07:00,2.06,
2006/10/17 08:00,2.48,
2006/10/17 09:00,2.79,
2006/10/17 10:00,2.88,
2006/10/17 11:00,2.72,
2006/10/17 12:00,2.39,
2006/10/17 13:00,2.01,
2006/10/17 14:00,1.63,
2006/10/17 15:00,1.39,
2006/10/17 16:00,1.31,
2006/10/17 17:00,1.41,
2006/10/17 18:00,1.68,
2006/10/17 19:00,2.08,
2006/10/17 20:00,2.43,
2006/10/17 21:00,2.7,
2006/10/17 22:00,2.79,
2006/10/17 23:00,2.64,
2006/10/18 00:00,2.24,
2006/10/18 01:00,1.82,
2006/10/18 02:00,1.36,
2006/10/18 03:00,1.07,
2006/10/18 04:00,0.95,
2006/10/18 05:00,1.04,
2006/10/18 06:00,1.36,
2006/10/18 07:00,1.83,
2006/10/18 08:00,2.32,
2006/10/18 09:00,2.73,
2006/10/18 10:00,2.99,
2006/10/18 11:00,2.96,
2006/10/18 12:00,2.7,
2006/10/18 13:00,2.27,
2006/10/18 14:00,1.8,
2006/10/18 15:00,1.43,
2006/10/18 16:00,1.19,
2006/10/18 17:00,1.18,
2006/10/18 18:00,1.41,
2006/10/18 19:00,1.77,
2006/10/18 20:00,2.23,
2006/10/18 21:00,2.63,
2006/10/18 22:00,2.92,
2006/10/18 23:00,2.95,
2006/10/19 00:00,2.69,
2006/10/19 01:00,2.27,
2006/10/19 02:00,1.79,
2006/10/19 03:00,1.36,
2006/10/19 04:00,1.09,
2006/10/19 05:00,1.06,
2006/10/19 06:00,1.26,
2006/10/19 07:00,1.67,
2006/10/19 08:00,2.18,
2006/10/19 09:00,2.67,
2006/10/19 10:00,3.01,
2006/10/19 11:00,3.15,
2006/10/19 12:00,2.94,
2006/10/19 13:00,2.5,
2006/10/19 14:00,2,
2006/10/19 15:00,1.44,
2006/10/19 16:00,1.03,
2006/10/19 17:00,0.87,
2006/10/19 18:00,0.93,
2006/10/19 19:00,1.24,
2006/10/19 20:00,1.72,
2006/10/19 21:00,2.22,
2006/10/19 22:00,2.62,
2006/10/19 23:00,2.85,
2006/10/20 00:00,2.8,
2006/10/20 01:00,2.44,
2006/10/20 02:00,1.99,
2006/10/20 03:00,1.51,
2006/10/20 04:00,1.16,
2006/10/20 05:00,0.96,
2006/10/20 06:00,1.06,
2006/10/20 07:00,1.37,
2006/10/20 08:00,1.87,
2006/10/20 09:00,2.36,
2006/10/20 10:00,2.84,
2006/10/20 11:00,3.12,
2006/10/20 12:00,3.02,
2006/10/20 13:00,2.66,
2006/10/20 14:00,2.11,
2006/10/20 15:00,1.55,
2006/10/20 16:00,1,
2006/10/20 17:00,0.7,
2006/10/20 18:00,0.66,
2006/10/20 19:00,0.85,
2006/10/20 20:00,1.29,
2006/10/20 21:00,1.84,
2006/10/20 22:00,2.35,
2006/10/20 23:00,2.75,
2006/10/21 00:00,2.88,
2006/10/21 01:00,2.69,
2006/10/21 02:00,2.3,
2006/10/21 03:00,1.8,
2006/10/21 04:00,1.37,
2006/10/21 05:00,1.1,
2006/10/21 06:00,1.06,
2006/10/21 07:00,1.27,
2006/10/21 08:00,1.71,
2006/10/21 09:00,2.24,
2006/10/21 10:00,2.74,
2006/10/21 11:00,3.11,
2006/10/21 12:00,3.19,
2006/10/21 13:00,2.94,
2006/10/21 14:00,2.41,
2006/10/21 15:00,1.8,
2006/10/21 16:00,1.17,
2006/10/21 17:00,0.74,
2006/10/21 18:00,0.52,
2006/10/21 19:00,0.6,
2006/10/21 20:00,0.96,
2006/10/21 21:00,1.5,
2006/10/21 22:00,2.07,
2006/10/21 23:00,2.58,
2006/10/22 00:00,2.92,
2006/10/22 01:00,2.91,
2006/10/22 02:00,2.61,
2006/10/22 03:00,2.18,
2006/10/22 04:00,1.75,
2006/10/22 05:00,1.35,
2006/10/22 06:00,1.2,
2006/10/22 07:00,1.3,
2006/10/22 08:00,1.63,
2006/10/22 09:00,2.12,
2006/10/22 10:00,2.63,
2006/10/22 11:00,3.08,
2006/10/22 12:00,3.3,
2006/10/22 13:00,3.15,
2006/10/22 14:00,2.7,
2006/10/22 15:00,2.13,
2006/10/22 16:00,1.45,
2006/10/22 17:00,0.88,
2006/10/22 18:00,0.5,
2006/10/22 19:00,0.41,
2006/10/22 20:00,0.62,
2006/10/22 21:00,1.08,
2006/10/22 22:00,1.66,
2006/10/22 23:00,2.24,
2006/10/23 00:00,2.69,
2006/10/23 01:00,2.89,
2006/10/23 02:00,2.76,
2006/10/23 03:00,2.4,
2006/10/23 04:00,1.95,
2006/10/23 05:00,1.57,
2006/10/23 06:00,1.32,
2006/10/23 07:00,1.27,
2006/10/23 08:00,1.47,
2006/10/23 09:00,1.91,
2006/10/23 10:00,2.42,
2006/10/23 11:00,2.9,
2006/10/23 12:00,3.26,
2006/10/23 13:00,3.27,
2006/10/23 14:00,2.94,
2006/10/23 15:00,2.4,
2006/10/23 16:00,1.75,
2006/10/23 17:00,1.13,
2006/10/23 18:00,0.65,
2006/10/23 19:00,0.44,
2006/10/23 20:00,0.5,
2006/10/23 21:00,0.84,
2006/10/23 22:00,1.41,
2006/10/23 23:00,2,
2006/10/24 00:00,2.51,
2006/10/24 01:00,2.9,
2006/10/24 02:00,2.98,
2006/10/24 03:00,2.73,
2006/10/24 04:00,2.34,
2006/10/24 05:00,1.93,
2006/10/24 06:00,1.64,
2006/10/24 07:00,1.48,
2006/10/24 08:00,1.57,
2006/10/24 09:00,1.86,
2006/10/24 10:00,2.34,
2006/10/24 11:00,2.81,
2006/10/24 12:00,3.19,
2006/10/24 13:00,3.36,
2006/10/24 14:00,3.15,
2006/10/24 15:00,2.7,
2006/10/24 16:00,2.13,
2006/10/24 17:00,1.45,
2006/10/24 18:00,0.85,
2006/10/24 19:00,0.5,
2006/10/24 20:00,0.35,
2006/10/24 21:00,0.54,
2006/10/24 22:00,0.94,
2006/10/24 23:00,1.48,
2006/10/25 00:00,2.01,
2006/10/25 01:00,2.46,
2006/10/25 02:00,2.73,
2006/10/25 03:00,2.69,
2006/10/25 04:00,2.38,
2006/10/25 05:00,2.05,
2006/10/25 06:00,1.73,
2006/10/25 07:00,1.47,
2006/10/25 08:00,1.44,
2006/10/25 09:00,1.64,
2006/10/25 10:00,1.98,
2006/10/25 11:00,2.43,
2006/10/25 12:00,2.86,
2006/10/25 13:00,3.14,
2006/10/25 14:00,3.18,
2006/10/25 15:00,2.87,
2006/10/25 16:00,2.38,
2006/10/25 17:00,1.76,
2006/10/25 18:00,1.17,
2006/10/25 19:00,0.68,
2006/10/25 20:00,0.42,
2006/10/25 21:00,0.4,
2006/10/25 22:00,0.66,
2006/10/25 23:00,1.13,
2006/10/26 00:00,1.67,
2006/10/26 01:00,2.17,
2006/10/26 02:00,2.53,
2006/10/26 03:00,2.72,
2006/10/26 04:00,2.6,
2006/10/26 05:00,2.32,
2006/10/26 06:00,2.04,
2006/10/26 07:00,1.79,
2006/10/26 08:00,1.64,
2006/10/26 09:00,1.68,
2006/10/26 10:00,1.91,
2006/10/26 11:00,2.28,
2006/10/26 12:00,2.68,
2006/10/26 13:00,3.01,
2006/10/26 14:00,3.18,
2006/10/26 15:00,3.07,
2006/10/26 16:00,2.69,
2006/10/26 17:00,2.2,
2006/10/26 18:00,1.62,
2006/10/26 19:00,1.07,
2006/10/26 20:00,0.65,
2006/10/26 21:00,0.49,
2006/10/26 22:00,0.56,
2006/10/26 23:00,0.86,
2006/10/27 00:00,1.3,
2006/10/27 01:00,1.77,
2006/10/27 02:00,2.2,
2006/10/27 03:00,2.49,
2006/10/27 04:00,2.6,
2006/10/27 05:00,2.45,
2006/10/27 06:00,2.22,
2006/10/27 07:00,1.96,
2006/10/27 08:00,1.77,
2006/10/27 09:00,1.69,
2006/10/27 10:00,1.78,
2006/10/27 11:00,2.01,
2006/10/27 12:00,2.35,
2006/10/27 13:00,2.7,
2006/10/27 14:00,2.95,
2006/10/27 15:00,2.99,
2006/10/27 16:00,2.83,
2006/10/27 17:00,2.48,
2006/10/27 18:00,2.01,
2006/10/27 19:00,1.5,
2006/10/27 20:00,1.02,
2006/10/27 21:00,0.69,
2006/10/27 22:00,0.56,
2006/10/27 23:00,0.67,
2006/10/28 00:00,0.92,
2006/10/28 01:00,1.34,
2006/10/28 02:00,1.79,
2006/10/28 03:00,2.16,
2006/10/28 04:00,2.42,
2006/10/28 05:00,2.51,
2006/10/28 06:00,2.42,
2006/10/28 07:00,2.21,
2006/10/28 08:00,2.01,
2006/10/28 09:00,1.84,
2006/10/28 10:00,1.81,
2006/10/28 11:00,1.88,
2006/10/28 12:00,2.09,
2006/10/28 13:00,2.38,
2006/10/28 14:00,2.67,
2006/10/28 15:00,2.89,
2006/10/28 16:00,2.95,
2006/10/28 17:00,2.82,
2006/10/28 18:00,2.52,
2006/10/28 19:00,2.07,
2006/10/28 20:00,1.58,
2006/10/28 21:00,1.17,
2006/10/28 22:00,0.87,
2006/10/28 23:00,0.75,
2006/10/29 00:00,0.82,
2006/10/29 01:00,1.07,
2006/10/29 02:00,1.45,
2006/10/29 03:00,1.81,
2006/10/29 04:00,2.16,
2006/10/29 05:00,2.43,
2006/10/29 06:00,2.52,
2006/10/29 07:00,2.46,
2006/10/29 08:00,2.26,
2006/10/29 09:00,2.06,
2006/10/29 10:00,1.86,
2006/10/29 11:00,1.77,
2006/10/29 12:00,1.83,
2006/10/29 13:00,1.96,
2006/10/29 14:00,2.19,
2006/10/29 15:00,2.44,
2006/10/29 16:00,2.65,
2006/10/29 17:00,2.73,
2006/10/29 18:00,2.65,
2006/10/29 19:00,2.35,
2006/10/29 20:00,1.97,
2006/10/29 21:00,1.54,
2006/10/29 22:00,1.15,
2006/10/29 23:00,0.84,
2006/10/30 00:00,0.69,
2006/10/30 01:00,0.74,
2006/10/30 02:00,0.97,
2006/10/30 03:00,1.33,
2006/10/30 04:00,1.75,
2006/10/30 05:00,2.13,
2006/10/30 06:00,2.43,
2006/10/30 07:00,2.57,
2006/10/30 08:00,2.5,
2006/10/30 09:00,2.31,
2006/10/30 10:00,2.07,
2006/10/30 11:00,1.83,
2006/10/30 12:00,1.71,
2006/10/30 13:00,1.68,
2006/10/30 14:00,1.76,
2006/10/30 15:00,1.97,
2006/10/30 16:00,2.23,
2006/10/30 17:00,2.52,
2006/10/30 18:00,2.68,
2006/10/30 19:00,2.66,
2006/10/30 20:00,2.46,
2006/10/30 21:00,2.12,
2006/10/30 22:00,1.68,
2006/10/30 23:00,1.27,
2006/10/31 00:00,0.93,
2006/10/31 01:00,0.78,
2006/10/31 02:00,0.78,
2006/10/31 03:00,0.98,
2006/10/31 04:00,1.36,
2006/10/31 05:00,1.82,
2006/10/31 06:00,2.26,
2006/10/31 07:00,2.61,
2006/10/31 08:00,2.77,
2006/10/31 09:00,2.69,
2006/10/31 10:00,2.44,
2006/10/31 11:00,2.1,
2006/10/31 12:00,1.79,
2006/10/31 13:00,1.52,
2006/10/31 14:00,1.43,
2006/10/31 15:00,1.48,
2006/10/31 16:00,1.71,
2006/10/31 17:00,2.05,
2006/10/31 18:00,2.41,
2006/10/31 19:00,2.68,
2006/10/31 20:00,2.76,
2006/10/31 21:00,2.61,
2006/10/31 22:00,2.26,
2006/10/31 23:00,1.81,
2006/11/01 00:00,1.33,
2006/11/01 01:00,0.97,
2006/11/01 02:00,0.77,
2006/11/01 03:00,0.79,
2006/11/01 04:00,1.04,
2006/11/01 05:00,1.48,
2006/11/01 06:00,2,
2006/11/01 07:00,2.53,
2006/11/01 08:00,2.92,
2006/11/01 09:00,3.07,
2006/11/01 10:00,2.93,
2006/11/01 11:00,2.55,
2006/11/01 12:00,2.11,
2006/11/01 13:00,1.64,
2006/11/01 14:00,1.29,
2006/11/01 15:00,1.14,
2006/11/01 16:00,1.23,
2006/11/01 17:00,1.53,
2006/11/01 18:00,1.97,
2006/11/01 19:00,2.44,
2006/11/01 20:00,2.81,
2006/11/01 21:00,3.01,
2006/11/01 22:00,2.91,
2006/11/01 23:00,2.52,
2006/11/02 00:00,2.05,
2006/11/02 01:00,1.54,
2006/11/02 02:00,1.15,
2006/11/02 03:00,0.95,
2006/11/02 04:00,1.02,
2006/11/02 05:00,1.33,
2006/11/02 06:00,1.88,
2006/11/02 07:00,2.48,
2006/11/02 08:00,3.06,
2006/11/02 09:00,3.46,
2006/11/02 10:00,3.53,
2006/11/02 11:00,3.26,
2006/11/02 12:00,2.75,
2006/11/02 13:00,2.17,
2006/11/02 14:00,1.61,
2006/11/02 15:00,1.21,
2006/11/02 16:00,1.04,
2006/11/02 17:00,1.17,
2006/11/02 18:00,1.55,
2006/11/02 19:00,2.11,
2006/11/02 20:00,2.67,
2006/11/02 21:00,3.14,
2006/11/02 22:00,3.37,
2006/11/02 23:00,3.22,
2006/11/03 00:00,2.78,
2006/11/03 01:00,2.24,
2006/11/03 02:00,1.68,
2006/11/03 03:00,1.29,
2006/11/03 04:00,1.11,
2006/11/03 05:00,1.23,
2006/11/03 06:00,1.65,
2006/11/03 07:00,2.25,
2006/11/03 08:00,2.91,
2006/11/03 09:00,3.49,
2006/11/03 10:00,3.84,
2006/11/03 11:00,3.77,
2006/11/03 12:00,3.28,
2006/11/03 13:00,2.59,
2006/11/03 14:00,1.87,
2006/11/03 15:00,1.2,
2006/11/03 16:00,0.76,
2006/11/03 17:00,0.62,
2006/11/03 18:00,0.82,
2006/11/03 19:00,1.32,
2006/11/03 20:00,1.95,
2006/11/03 21:00,2.62,
2006/11/03 22:00,3.18,
2006/11/03 23:00,3.41,
2006/11/04 00:00,3.24,
2006/11/04 01:00,2.77,
2006/11/04 02:00,2.2,
2006/11/04 03:00,1.66,
2006/11/04 04:00,1.3,
2006/11/04 05:00,1.19,
2006/11/04 06:00,1.43,
2006/11/04 07:00,1.91,
2006/11/04 08:00,2.59,
2006/11/04 09:00,3.3,
2006/11/04 10:00,3.87,
2006/11/04 11:00,4.09,
2006/11/04 12:00,3.85,
2006/11/04 13:00,3.18,
2006/11/04 14:00,2.43,
2006/11/04 15:00,1.58,
2006/11/04 16:00,0.85,
2006/11/04 17:00,0.45,
2006/11/04 18:00,0.42,
2006/11/04 19:00,0.68,
2006/11/04 20:00,1.29,
2006/11/04 21:00,2.05,
2006/11/04 22:00,2.71,
2006/11/04 23:00,3.26,
2006/11/05 00:00,3.5,
2006/11/05 01:00,3.23,
2006/11/05 02:00,2.7,
2006/11/05 03:00,2.15,
2006/11/05 04:00,1.61,
2006/11/05 05:00,1.34,
2006/11/05 06:00,1.31,
2006/11/05 07:00,1.61,
2006/11/05 08:00,2.15,
2006/11/05 09:00,2.83,
2006/11/05 10:00,3.48,
2006/11/05 11:00,3.91,
2006/11/05 12:00,4,
2006/11/05 13:00,3.57,
2006/11/05 14:00,2.87,
2006/11/05 15:00,2.04,
2006/11/05 16:00,1.2,
2006/11/05 17:00,0.58,
2006/11/05 18:00,0.26,
2006/11/05 19:00,0.3,
2006/11/05 20:00,0.77,
2006/11/05 21:00,1.39,
2006/11/05 22:00,2.18,
2006/11/05 23:00,2.9,
2006/11/06 00:00,3.44,
2006/11/06 01:00,3.61,
2006/11/06 02:00,3.3,
2006/11/06 03:00,2.8,
2006/11/06 04:00,2.25,
2006/11/06 05:00,1.83,
2006/11/06 06:00,1.62,
2006/11/06 07:00,1.7,
2006/11/06 08:00,2.07,
2006/11/06 09:00,2.59,
2006/11/06 10:00,3.24,
2006/11/06 11:00,3.85,
2006/11/06 12:00,4.18,
2006/11/06 13:00,4.06,
2006/11/06 14:00,3.51,
2006/11/06 15:00,2.77,
2006/11/06 16:00,1.88,
2006/11/06 17:00,1.06,
2006/11/06 18:00,0.53,
2006/11/06 19:00,0.23,
2006/11/06 20:00,0.36,
2006/11/06 21:00,0.84,
2006/11/06 22:00,1.54,
2006/11/06 23:00,2.29,
2006/11/07 00:00,2.97,
2006/11/07 01:00,3.42,
2006/11/07 02:00,3.49,
2006/11/07 03:00,3.18,
2006/11/07 04:00,2.79,
2006/11/07 05:00,2.29,
2006/11/07 06:00,1.89,
2006/11/07 07:00,1.79,
2006/11/07 08:00,1.8,
2006/11/07 09:00,2.23,
2006/11/07 10:00,2.79,
2006/11/07 11:00,3.39,
2006/11/07 12:00,3.83,
2006/11/07 13:00,4.03,
2006/11/07 14:00,3.78,
2006/11/07 15:00,3.16,
2006/11/07 16:00,2.43,
2006/11/07 17:00,1.61,
2006/11/07 18:00,0.92,
2006/11/07 19:00,0.41,
2006/11/07 20:00,0.23,
2006/11/07 21:00,0.43,
2006/11/07 22:00,0.89,
2006/11/07 23:00,1.57,
2006/11/08 00:00,2.28,
2006/11/08 01:00,2.86,
2006/11/08 02:00,3.22,
2006/11/08 03:00,3.24,
2006/11/08 04:00,2.93,
2006/11/08 05:00,2.51,
2006/11/08 06:00,2.11,
2006/11/08 07:00,1.8,
2006/11/08 08:00,1.74,
2006/11/08 09:00,1.9,
2006/11/08 10:00,2.28,
2006/11/08 11:00,2.82,
2006/11/08 12:00,3.31,
2006/11/08 13:00,3.68,
2006/11/08 14:00,3.76,
2006/11/08 15:00,3.45,
2006/11/08 16:00,2.92,
2006/11/08 17:00,2.19,
2006/11/08 18:00,1.44,
2006/11/08 19:00,0.84,
2006/11/08 20:00,0.43,
2006/11/08 21:00,0.36,
2006/11/08 22:00,0.57,
2006/11/08 23:00,1.05,
2006/11/09 00:00,1.69,
2006/11/09 01:00,2.31,
2006/11/09 02:00,2.81,
2006/11/09 03:00,3.09,
2006/11/09 04:00,3.05,
2006/11/09 05:00,2.75,
2006/11/09 06:00,2.4,
2006/11/09 07:00,2.05,
2006/11/09 08:00,1.82,
2006/11/09 09:00,1.81,
2006/11/09 10:00,1.96,
2006/11/09 11:00,2.34,
2006/11/09 12:00,2.77,
2006/11/09 13:00,3.19,
2006/11/09 14:00,3.45,
2006/11/09 15:00,3.44,
2006/11/09 16:00,3.14,
2006/11/09 17:00,2.64,
2006/11/09 18:00,2.03,
2006/11/09 19:00,1.41,
2006/11/09 20:00,0.91,
2006/11/09 21:00,0.64,
2006/11/09 22:00,0.68,
2006/11/09 23:00,0.94,
2006/11/10 00:00,1.43,
2006/11/10 01:00,2.05,
2006/11/10 02:00,2.65,
2006/11/10 03:00,2.99,
2006/11/10 04:00,3.21,
2006/11/10 05:00,3.13,
2006/11/10 06:00,2.9,
2006/11/10 07:00,2.57,
2006/11/10 08:00,2.3,
2006/11/10 09:00,2.1,
2006/11/10 10:00,2.16,
2006/11/10 11:00,2.29,
2006/11/10 12:00,2.59,
2006/11/10 13:00,2.96,
2006/11/10 14:00,3.28,
2006/11/10 15:00,3.48,
2006/11/10 16:00,3.45,
2006/11/10 17:00,3.15,
2006/11/10 18:00,2.7,
2006/11/10 19:00,2.1,
2006/11/10 20:00,1.58,
2006/11/10 21:00,1.16,
2006/11/10 22:00,0.95,
2006/11/10 23:00,0.97,
2006/11/11 00:00,1.17,
2006/11/11 01:00,1.56,
2006/11/11 02:00,2.03,
2006/11/11 03:00,2.47,
2006/11/11 04:00,2.82,
2006/11/11 05:00,2.97,
2006/11/11 06:00,2.97,
2006/11/11 07:00,2.74,
2006/11/11 08:00,2.45,
2006/11/11 09:00,2.22,
2006/11/11 10:00,2.06,
2006/11/11 11:00,2.04,
2006/11/11 12:00,2.16,
2006/11/11 13:00,2.36,
2006/11/11 14:00,2.64,
2006/11/11 15:00,2.9,
2006/11/11 16:00,3.07,
2006/11/11 17:00,2.97,
2006/11/11 18:00,2.79,
2006/11/11 19:00,2.43,
2006/11/11 20:00,1.97,
2006/11/11 21:00,1.54,
2006/11/11 22:00,1.25,
2006/11/11 23:00,1.06,
2006/11/12 00:00,1.11,
2006/11/12 01:00,1.28,
2006/11/12 02:00,1.62,
2006/11/12 03:00,2.04,
2006/11/12 04:00,2.45,
2006/11/12 05:00,2.75,
2006/11/12 06:00,2.92,
2006/11/12 07:00,2.93,
2006/11/12 08:00,2.76,
2006/11/12 09:00,2.52,
2006/11/12 10:00,2.28,
2006/11/12 11:00,2.14,
2006/11/12 12:00,2.13,
2006/11/12 13:00,2.21,
2006/11/12 14:00,2.42,
2006/11/12 15:00,2.65,
2006/11/12 16:00,2.91,
2006/11/12 17:00,3.12,
2006/11/12 18:00,3.18,
2006/11/12 19:00,3.04,
2006/11/12 20:00,2.75,
2006/11/12 21:00,2.4,
2006/11/12 22:00,2.03,
2006/11/12 23:00,1.72,
2006/11/13 00:00,1.55,
2006/11/13 01:00,1.53,
2006/11/13 02:00,1.66,
2006/11/13 03:00,1.98,
2006/11/13 04:00,2.33,
2006/11/13 05:00,2.68,
2006/11/13 06:00,2.96,
2006/11/13 07:00,3.12,
2006/11/13 08:00,3.12,
2006/11/13 09:00,2.96,
2006/11/13 10:00,2.7,
2006/11/13 11:00,2.46,
2006/11/13 12:00,2.21,
2006/11/13 13:00,2.1,
2006/11/13 14:00,2.07,
2006/11/13 15:00,2.22,
2006/11/13 16:00,2.43,
2006/11/13 17:00,2.67,
2006/11/13 18:00,2.82,
2006/11/13 19:00,2.84,
2006/11/13 20:00,2.73,
2006/11/13 21:00,2.48,
2006/11/13 22:00,2.15,
2006/11/13 23:00,1.82,
2006/11/14 00:00,1.5,
2006/11/14 01:00,1.33,
2006/11/14 02:00,1.32,
2006/11/14 03:00,1.47,
2006/11/14 04:00,1.78,
2006/11/14 05:00,2.17,
2006/11/14 06:00,2.57,
2006/11/14 07:00,2.88,
2006/11/14 08:00,3.01,
2006/11/14 09:00,2.98,
2006/11/14 10:00,2.74,
2006/11/14 11:00,2.42,
2006/11/14 12:00,2.1,
2006/11/14 13:00,1.81,
2006/11/14 14:00,1.67,
2006/11/14 15:00,1.67,
2006/11/14 16:00,1.81,
2006/11/14 17:00,2.08,
2006/11/14 18:00,2.39,
2006/11/14 19:00,2.65,
2006/11/14 20:00,2.82,
2006/11/14 21:00,2.76,
2006/11/14 22:00,2.58,
2006/11/14 23:00,2.31,
2006/11/15 00:00,1.98,
2006/11/15 01:00,1.76,
2006/11/15 02:00,1.65,
2006/11/15 03:00,1.71,
2006/11/15 04:00,1.97,
2006/11/15 05:00,2.39,
2006/11/15 06:00,2.84,
2006/11/15 07:00,3.26,
2006/11/15 08:00,3.55,
2006/11/15 09:00,3.69,
2006/11/15 10:00,3.63,
2006/11/15 11:00,3.4,
2006/11/15 12:00,2.95,
2006/11/15 13:00,2.47,
2006/11/15 14:00,2.16,
2006/11/15 15:00,1.85,
2006/11/15 16:00,1.84,
2006/11/15 17:00,2.04,
2006/11/15 18:00,2.24,
2006/11/15 19:00,2.54,
2006/11/15 20:00,2.87,
2006/11/15 21:00,2.98,
2006/11/15 22:00,2.92,
2006/11/15 23:00,2.66,
2006/11/16 00:00,2.37,
2006/11/16 01:00,2.05,
2006/11/16 02:00,1.78,
2006/11/16 03:00,1.68,
2006/11/16 04:00,1.71,
2006/11/16 05:00,2,
2006/11/16 06:00,2.35,
2006/11/16 07:00,2.82,
2006/11/16 08:00,3.18,
2006/11/16 09:00,3.44,
2006/11/16 10:00,3.44,
2006/11/16 11:00,3.16,
2006/11/16 12:00,2.73,
2006/11/16 13:00,2.25,
2006/11/16 14:00,1.8,
2006/11/16 15:00,1.47,
2006/11/16 16:00,1.33,
2006/11/16 17:00,1.44,
2006/11/16 18:00,1.67,
2006/11/16 19:00,2.1,
2006/11/16 20:00,2.49,
2006/11/16 21:00,2.82,
2006/11/16 22:00,3,
2006/11/16 23:00,2.92,
2006/11/17 00:00,2.63,
2006/11/17 01:00,2.33,
2006/11/17 02:00,1.93,
2006/11/17 03:00,1.73,
2006/11/17 04:00,1.67,
2006/11/17 05:00,1.79,
2006/11/17 06:00,2.1,
2006/11/17 07:00,2.5,
2006/11/17 08:00,2.97,
2006/11/17 09:00,3.31,
2006/11/17 10:00,3.44,
2006/11/17 11:00,3.22,
2006/11/17 12:00,2.91,
2006/11/17 13:00,2.39,
2006/11/17 14:00,1.85,
2006/11/17 15:00,1.39,
2006/11/17 16:00,1.1,
2006/11/17 17:00,1.04,
2006/11/17 18:00,1.21,
2006/11/17 19:00,1.59,
2006/11/17 20:00,2.06,
2006/11/17 21:00,2.51,
2006/11/17 22:00,2.87,
2006/11/17 23:00,2.96,
2006/11/18 00:00,2.8,
2006/11/18 01:00,2.49,
2006/11/18 02:00,2.14,
2006/11/18 03:00,1.8,
2006/11/18 04:00,1.61,
2006/11/18 05:00,1.63,
2006/11/18 06:00,1.84,
2006/11/18 07:00,2.24,
2006/11/18 08:00,2.72,
2006/11/18 09:00,3.16,
2006/11/18 10:00,3.4,
2006/11/18 11:00,3.45,
2006/11/18 12:00,3.16,
2006/11/18 13:00,2.68,
2006/11/18 14:00,2.04,
2006/11/18 15:00,1.49,
2006/11/18 16:00,1.07,
2006/11/18 17:00,0.91,
2006/11/18 18:00,1,
2006/11/18 19:00,1.27,
2006/11/18 20:00,1.75,
2006/11/18 21:00,2.31,
2006/11/18 22:00,2.76,
2006/11/18 23:00,3.1,
2006/11/19 00:00,3.19,
2006/11/19 01:00,2.97,
2006/11/19 02:00,2.68,
2006/11/19 03:00,2.32,
2006/11/19 04:00,2.11,
2006/11/19 05:00,2.07,
2006/11/19 06:00,2.19,
2006/11/19 07:00,2.57,
2006/11/19 08:00,3,
2006/11/19 09:00,3.44,
2006/11/19 10:00,3.76,
2006/11/19 11:00,3.82,
2006/11/19 12:00,3.59,
2006/11/19 13:00,3.14,
2006/11/19 14:00,2.47,
2006/11/19 15:00,1.82,
2006/11/19 16:00,1.21,
2006/11/19 17:00,0.86,
2006/11/19 18:00,0.77,
2006/11/19 19:00,0.94,
2006/11/19 20:00,1.37,
2006/11/19 21:00,1.96,
2006/11/19 22:00,2.52,
2006/11/19 23:00,2.99,
2006/11/20 00:00,3.25,
2006/11/20 01:00,3.17,
2006/11/20 02:00,2.9,
2006/11/20 03:00,2.51,
2006/11/20 04:00,2.12,
2006/11/20 05:00,1.91,
2006/11/20 06:00,1.92,
2006/11/20 07:00,2.11,
2006/11/20 08:00,2.53,
2006/11/20 09:00,3,
2006/11/20 10:00,3.44,
2006/11/20 11:00,3.72,
2006/11/20 12:00,3.75,
2006/11/20 13:00,3.38,
2006/11/20 14:00,2.82,
2006/11/20 15:00,2.16,
2006/11/20 16:00,1.46,
2006/11/20 17:00,0.99,
2006/11/20 18:00,0.72,
2006/11/20 19:00,0.74,
2006/11/20 20:00,1.05,
2006/11/20 21:00,1.58,
2006/11/20 22:00,2.19,
2006/11/20 23:00,2.78,
2006/11/21 00:00,3.18,
2006/11/21 01:00,3.35,
2006/11/21 02:00,3.19,
2006/11/21 03:00,2.87,
2006/11/21 04:00,2.53,
2006/11/21 05:00,2.28,
2006/11/21 06:00,2.18,
2006/11/21 07:00,2.25,
2006/11/21 08:00,2.57,
2006/11/21 09:00,3.04,
2006/11/21 10:00,3.46,
2006/11/21 11:00,3.87,
2006/11/21 12:00,4.01,
2006/11/21 13:00,3.79,
2006/11/21 14:00,3.32,
2006/11/21 15:00,2.64,
2006/11/21 16:00,1.92,
2006/11/21 17:00,1.3,
2006/11/21 18:00,0.85,
2006/11/21 19:00,0.74,
2006/11/21 20:00,0.86,
2006/11/21 21:00,1.25,
2006/11/21 22:00,1.82,
2006/11/21 23:00,2.44,
2006/11/22 00:00,2.98,
2006/11/22 01:00,3.32,
2006/11/22 02:00,3.3,
2006/11/22 03:00,3.07,
2006/11/22 04:00,2.69,
2006/11/22 05:00,2.32,
2006/11/22 06:00,2.08,
2006/11/22 07:00,2.04,
2006/11/22 08:00,2.21,
2006/11/22 09:00,2.56,
2006/11/22 10:00,3.02,
2006/11/22 11:00,3.48,
2006/11/22 12:00,3.8,
2006/11/22 13:00,3.84,
2006/11/22 14:00,3.54,
2006/11/22 15:00,3.02,
2006/11/22 16:00,2.37,
2006/11/22 17:00,1.67,
2006/11/22 18:00,1.08,
2006/11/22 19:00,0.76,
2006/11/22 20:00,0.7,
2006/11/22 21:00,0.94,
2006/11/22 22:00,1.42,
2006/11/22 23:00,2.03,
2006/11/23 00:00,2.6,
2006/11/23 01:00,3.04,
2006/11/23 02:00,3.25,
2006/11/23 03:00,3.13,
2006/11/23 04:00,2.83,
2006/11/23 05:00,2.49,
2006/11/23 06:00,2.19,
2006/11/23 07:00,2.01,
2006/11/23 08:00,2.03,
2006/11/23 09:00,2.28,
2006/11/23 10:00,2.69,
2006/11/23 11:00,3.14,
2006/11/23 12:00,3.55,
2006/11/23 13:00,3.75,
2006/11/23 14:00,3.67,
2006/11/23 15:00,3.24,
2006/11/23 16:00,2.65,
2006/11/23 17:00,2,
2006/11/23 18:00,1.31,
2006/11/23 19:00,0.82,
2006/11/23 20:00,0.57,
2006/11/23 21:00,0.63,
2006/11/23 22:00,0.95,
2006/11/23 23:00,1.46,
2006/11/24 00:00,2.06,
2006/11/24 01:00,2.59,
2006/11/24 02:00,2.99,
2006/11/24 03:00,3.11,
2006/11/24 04:00,2.98,
2006/11/24 05:00,2.67,
2006/11/24 06:00,2.35,
2006/11/24 07:00,2.07,
2006/11/24 08:00,1.98,
2006/11/24 09:00,2.04,
2006/11/24 10:00,2.3,
2006/11/24 11:00,2.7,
2006/11/24 12:00,3.12,
2006/11/24 13:00,3.44,
2006/11/24 14:00,3.57,
2006/11/24 15:00,3.39,
2006/11/24 16:00,2.94,
2006/11/24 17:00,2.36,
2006/11/24 18:00,1.71,
2006/11/24 19:00,1.14,
2006/11/24 20:00,0.74,
2006/11/24 21:00,0.59,
2006/11/24 22:00,0.74,
2006/11/24 23:00,1.06,
2006/11/25 00:00,1.58,
2006/11/25 01:00,2.12,
2006/11/25 02:00,2.6,
2006/11/25 03:00,2.92,
2006/11/25 04:00,2.96,
2006/11/25 05:00,2.78,
2006/11/25 06:00,2.5,
2006/11/25 07:00,2.22,
2006/11/25 08:00,1.98,
2006/11/25 09:00,1.91,
2006/11/25 10:00,2.03,
2006/11/25 11:00,2.3,
2006/11/25 12:00,2.68,
2006/11/25 13:00,3.04,
2006/11/25 14:00,3.32,
2006/11/25 15:00,3.38,
2006/11/25 16:00,3.17,
2006/11/25 17:00,2.77,
2006/11/25 18:00,2.2,
2006/11/25 19:00,1.63,
2006/11/25 20:00,1.13,
2006/11/25 21:00,0.82,
2006/11/25 22:00,0.78,
2006/11/25 23:00,0.91,
2006/11/26 00:00,1.32,
2006/11/26 01:00,1.84,
2006/11/26 02:00,2.37,
2006/11/26 03:00,2.83,
2006/11/26 04:00,3.13,
2006/11/26 05:00,3.2,
2006/11/26 06:00,3.01,
2006/11/26 07:00,2.73,
2006/11/26 08:00,2.45,
2006/11/26 09:00,2.24,
2006/11/26 10:00,2.18,
2006/11/26 11:00,2.29,
2006/11/26 12:00,2.53,
2006/11/26 13:00,2.86,
2006/11/26 14:00,3.18,
2006/11/26 15:00,3.4,
2006/11/26 16:00,3.42,
2006/11/26 17:00,3.23,
2006/11/26 18:00,2.8,
2006/11/26 19:00,2.27,
2006/11/26 20:00,1.73,
2006/11/26 21:00,1.28,
2006/11/26 22:00,1,
2006/11/26 23:00,0.96,
2006/11/27 00:00,1.1,
2006/11/27 01:00,1.48,
2006/11/27 02:00,1.94,
2006/11/27 03:00,2.43,
2006/11/27 04:00,2.85,
2006/11/27 05:00,3.07,
2006/11/27 06:00,3.08,
2006/11/27 07:00,2.86,
2006/11/27 08:00,2.59,
2006/11/27 09:00,2.26,
2006/11/27 10:00,2.04,
2006/11/27 11:00,1.88,
2006/11/27 12:00,1.94,
2006/11/27 13:00,2.14,
2006/11/27 14:00,2.43,
2006/11/27 15:00,2.74,
2006/11/27 16:00,2.95,
2006/11/27 17:00,3.02,
2006/11/27 18:00,2.88,
2006/11/27 19:00,2.53,
2006/11/27 20:00,2.08,
2006/11/27 21:00,1.62,
2006/11/27 22:00,1.21,
2006/11/27 23:00,0.97,
2006/11/28 00:00,0.93,
2006/11/28 01:00,1.07,
2006/11/28 02:00,1.44,
2006/11/28 03:00,1.91,
2006/11/28 04:00,2.4,
2006/11/28 05:00,2.79,
2006/11/28 06:00,3.01,
2006/11/28 07:00,3.01,
2006/11/28 08:00,2.75,
2006/11/28 09:00,2.4,
2006/11/28 10:00,2.05,
2006/11/28 11:00,1.74,
2006/11/28 12:00,1.55,
2006/11/28 13:00,1.54,
2006/11/28 14:00,1.69,
2006/11/28 15:00,1.98,
2006/11/28 16:00,2.32,
2006/11/28 17:00,2.59,
2006/11/28 18:00,2.72,
2006/11/28 19:00,2.66,
2006/11/28 20:00,2.38,
2006/11/28 21:00,1.97,
2006/11/28 22:00,1.55,
2006/11/28 23:00,1.2,
2006/11/29 00:00,0.95,
2006/11/29 01:00,0.93,
2006/11/29 02:00,1.1,
2006/11/29 03:00,1.47,
2006/11/29 04:00,1.97,
2006/11/29 05:00,2.46,
2006/11/29 06:00,2.86,
2006/11/29 07:00,3.09,
2006/11/29 08:00,3.06,
2006/11/29 09:00,2.79,
2006/11/29 10:00,2.39,
2006/11/29 11:00,1.96,
2006/11/29 12:00,1.59,
2006/11/29 13:00,1.41,
2006/11/29 14:00,1.34,
2006/11/29 15:00,1.56,
2006/11/29 16:00,1.91,
2006/11/29 17:00,2.27,
2006/11/29 18:00,2.64,
2006/11/29 19:00,2.93,
2006/11/29 20:00,3.02,
2006/11/29 21:00,2.75,
2006/11/29 22:00,2.31,
2006/11/29 23:00,1.88,
2006/11/30 00:00,1.48,
2006/11/30 01:00,1.21,
2006/11/30 02:00,1.16,
2006/11/30 03:00,1.34,
2006/11/30 04:00,1.71,
2006/11/30 05:00,2.17,
2006/11/30 06:00,2.7,
2006/11/30 07:00,3.11,
2006/11/30 08:00,3.33,
2006/11/30 09:00,3.23,
2006/11/30 10:00,2.83,
2006/11/30 11:00,2.33,
2006/11/30 12:00,1.77,
2006/11/30 13:00,1.28,
2006/11/30 14:00,0.97,
2006/11/30 15:00,0.87,
2006/11/30 16:00,1.02,
2006/11/30 17:00,1.39,
2006/11/30 18:00,1.84,
2006/11/30 19:00,2.27,
2006/11/30 20:00,2.61,
2006/11/30 21:00,2.7,
2006/11/30 22:00,2.54,
2006/11/30 23:00,2.16,
2006/12/01 00:00,1.76,
2006/12/01 01:00,1.39,
2006/12/01 02:00,1.16,
2006/12/01 03:00,1.14,
2006/12/01 04:00,1.36,
2006/12/01 05:00,1.78,
2006/12/01 06:00,2.32,
2006/12/01 07:00,2.83,
2006/12/01 08:00,3.24,
2006/12/01 09:00,3.4,
2006/12/01 10:00,3.18,
2006/12/01 11:00,2.71,
2006/12/01 12:00,2.08,
2006/12/01 13:00,1.41,
2006/12/01 14:00,0.84,
2006/12/01 15:00,0.52,
2006/12/01 16:00,0.45,
2006/12/01 17:00,0.66,
2006/12/01 18:00,1.08,
2006/12/01 19:00,1.63,
2006/12/01 20:00,2.15,
2006/12/01 21:00,2.57,
2006/12/01 22:00,2.75,
2006/12/01 23:00,2.6,
2006/12/02 00:00,2.25,
2006/12/02 01:00,1.83,
2006/12/02 02:00,1.47,
2006/12/02 03:00,1.25,
2006/12/02 04:00,1.25,
2006/12/02 05:00,1.48,
2006/12/02 06:00,1.96,
2006/12/02 07:00,2.52,
2006/12/02 08:00,3.04,
2006/12/02 09:00,3.4,
2006/12/02 10:00,3.48,
2006/12/02 11:00,3.18,
2006/12/02 12:00,2.6,
2006/12/02 13:00,1.88,
2006/12/02 14:00,1.18,
2006/12/02 15:00,0.58,
2006/12/02 16:00,0.24,
2006/12/02 17:00,0.21,
2006/12/02 18:00,0.46,
2006/12/02 19:00,0.99,
2006/12/02 20:00,1.63,
2006/12/02 21:00,2.25,
2006/12/02 22:00,2.68,
2006/12/02 23:00,2.9,
2006/12/03 00:00,2.73,
2006/12/03 01:00,2.38,
2006/12/03 02:00,1.96,
2006/12/03 03:00,1.57,
2006/12/03 04:00,1.36,
2006/12/03 05:00,1.41,
2006/12/03 06:00,1.73,
2006/12/03 07:00,2.26,
2006/12/03 08:00,2.8,
2006/12/03 09:00,3.32,
2006/12/03 10:00,3.62,
2006/12/03 11:00,3.64,
2006/12/03 12:00,3.22,
2006/12/03 13:00,2.57,
2006/12/03 14:00,1.81,
2006/12/03 15:00,0.98,
2006/12/03 16:00,0.35,
2006/12/03 17:00,0.11,
2006/12/03 18:00,0.16,
2006/12/03 19:00,0.48,
2006/12/03 20:00,1.04,
2006/12/03 21:00,1.72,
2006/12/03 22:00,2.39,
2006/12/03 23:00,2.88,
2006/12/04 00:00,3.07,
2006/12/04 01:00,2.9,
2006/12/04 02:00,2.52,
2006/12/04 03:00,2.07,
2006/12/04 04:00,1.74,
2006/12/04 05:00,1.58,
2006/12/04 06:00,1.68,
2006/12/04 07:00,1.98,
2006/12/04 08:00,2.51,
2006/12/04 09:00,3.08,
2006/12/04 10:00,3.56,
2006/12/04 11:00,3.81,
2006/12/04 12:00,3.67,
2006/12/04 13:00,3.17,
2006/12/04 14:00,2.45,
2006/12/04 15:00,1.58,
2006/12/04 16:00,0.83,
2006/12/04 17:00,0.26,
2006/12/04 18:00,-0.02,
2006/12/04 19:00,0.09,
2006/12/04 20:00,0.47,
2006/12/04 21:00,1.15,
2006/12/04 22:00,1.89,
2006/12/04 23:00,2.52,
2006/12/05 00:00,2.99,
2006/12/05 01:00,3.14,
2006/12/05 02:00,2.87,
2006/12/05 03:00,2.45,
2006/12/05 04:00,2.01,
2006/12/05 05:00,1.68,
2006/12/05 06:00,1.58,
2006/12/05 07:00,1.67,
2006/12/05 08:00,2.06,
2006/12/05 09:00,2.63,
2006/12/05 10:00,3.19,
2006/12/05 11:00,3.65,
2006/12/05 12:00,3.82,
2006/12/05 13:00,3.58,
2006/12/05 14:00,3.04,
2006/12/05 15:00,2.26,
2006/12/05 16:00,1.44,
2006/12/05 17:00,0.71,
2006/12/05 18:00,0.21,
2006/12/05 19:00,0.05,
2006/12/05 20:00,0.22,
2006/12/05 21:00,0.67,
2006/12/05 22:00,1.38,
2006/12/05 23:00,2.1,
2006/12/06 00:00,2.71,
2006/12/06 01:00,3.1,
2006/12/06 02:00,3.15,
2006/12/06 03:00,2.84,
2006/12/06 04:00,2.43,
2006/12/06 05:00,2.01,
2006/12/06 06:00,1.73,
2006/12/06 07:00,1.64,
2006/12/06 08:00,1.83,
2006/12/06 09:00,2.22,
2006/12/06 10:00,2.75,
2006/12/06 11:00,3.27,
2006/12/06 12:00,3.64,
2006/12/06 13:00,3.72,
2006/12/06 14:00,3.41,
2006/12/06 15:00,2.8,
2006/12/06 16:00,2.04,
2006/12/06 17:00,1.24,
2006/12/06 18:00,0.6,
2006/12/06 19:00,0.19,
2006/12/06 20:00,0.12,
2006/12/06 21:00,0.36,
2006/12/06 22:00,0.91,
2006/12/06 23:00,1.6,
2006/12/07 00:00,2.28,
2006/12/07 01:00,2.83,
2006/12/07 02:00,3.1,
2006/12/07 03:00,3.12,
2006/12/07 04:00,2.81,
2006/12/07 05:00,2.41,
2006/12/07 06:00,2.02,
2006/12/07 07:00,1.8,
2006/12/07 08:00,1.73,
2006/12/07 09:00,2.02,
2006/12/07 10:00,2.4,
2006/12/07 11:00,2.88,
2006/12/07 12:00,3.32,
2006/12/07 13:00,3.65,
2006/12/07 14:00,3.7,
2006/12/07 15:00,3.32,
2006/12/07 16:00,2.68,
2006/12/07 17:00,2,
2006/12/07 18:00,1.25,
2006/12/07 19:00,0.72,
2006/12/07 20:00,0.38,
2006/12/07 21:00,0.43,
2006/12/07 22:00,0.72,
2006/12/07 23:00,1.25,
2006/12/08 00:00,1.95,
2006/12/08 01:00,2.54,
2006/12/08 02:00,3.02,
2006/12/08 03:00,3.22,
2006/12/08 04:00,3.14,
2006/12/08 05:00,2.8,
2006/12/08 06:00,2.45,
2006/12/08 07:00,2.07,
2006/12/08 08:00,1.89,
2006/12/08 09:00,1.88,
2006/12/08 10:00,2.17,
2006/12/08 11:00,2.55,
2006/12/08 12:00,3.02,
2006/12/08 13:00,3.41,
2006/12/08 14:00,3.6,
2006/12/08 15:00,3.52,
2006/12/08 16:00,3.14,
2006/12/08 17:00,2.61,
2006/12/08 18:00,1.91,
2006/12/08 19:00,1.29,
2006/12/08 20:00,0.88,
2006/12/08 21:00,0.66,
2006/12/08 22:00,0.77,
2006/12/08 23:00,1.15,
2006/12/09 00:00,1.68,
2006/12/09 01:00,2.27,
2006/12/09 02:00,2.83,
2006/12/09 03:00,3.2,
2006/12/09 04:00,3.31,
2006/12/09 05:00,3.13,
2006/12/09 06:00,2.81,
2006/12/09 07:00,2.46,
2006/12/09 08:00,2.15,
2006/12/09 09:00,1.99,
2006/12/09 10:00,2.02,
2006/12/09 11:00,2.26,
2006/12/09 12:00,2.66,
2006/12/09 13:00,3.06,
2006/12/09 14:00,3.35,
2006/12/09 15:00,3.52,
2006/12/09 16:00,3.35,
2006/12/09 17:00,2.95,
2006/12/09 18:00,2.39,
2006/12/09 19:00,1.82,
2006/12/09 20:00,1.3,
2006/12/09 21:00,0.97,
2006/12/09 22:00,0.87,
2006/12/09 23:00,1.04,
2006/12/10 00:00,1.39,
2006/12/10 01:00,1.91,
2006/12/10 02:00,2.43,
2006/12/10 03:00,2.9,
2006/12/10 04:00,3.21,
2006/12/10 05:00,3.21,
2006/12/10 06:00,3.01,
2006/12/10 07:00,2.71,
2006/12/10 08:00,2.38,
2006/12/10 09:00,2.13,
2006/12/10 10:00,2.02,
2006/12/10 11:00,2.04,
2006/12/10 12:00,2.26,
2006/12/10 13:00,2.55,
2006/12/10 14:00,2.87,
2006/12/10 15:00,3.1,
2006/12/10 16:00,3.16,
2006/12/10 17:00,3.01,
2006/12/10 18:00,2.64,
2006/12/10 19:00,2.25,
2006/12/10 20:00,1.76,
2006/12/10 21:00,1.4,
2006/12/10 22:00,1.15,
2006/12/10 23:00,1.24,
2006/12/11 00:00,1.4,
2006/12/11 01:00,1.81,
2006/12/11 02:00,2.24,
2006/12/11 03:00,2.67,
2006/12/11 04:00,3.1,
2006/12/11 05:00,3.26,
2006/12/11 06:00,3.24,
2006/12/11 07:00,3.14,
2006/12/11 08:00,2.85,
2006/12/11 09:00,2.59,
2006/12/11 10:00,2.4,
2006/12/11 11:00,2.36,
2006/12/11 12:00,2.41,
2006/12/11 13:00,2.67,
2006/12/11 14:00,2.97,
2006/12/11 15:00,3.32,
2006/12/11 16:00,3.61,
2006/12/11 17:00,3.6,
2006/12/11 18:00,3.34,
2006/12/11 19:00,2.87,
2006/12/11 20:00,2.41,
2006/12/11 21:00,2.02,
2006/12/11 22:00,1.69,
2006/12/11 23:00,1.51,
2006/12/12 00:00,1.49,
2006/12/12 01:00,1.67,
2006/12/12 02:00,2.02,
2006/12/12 03:00,2.43,
2006/12/12 04:00,2.85,
2006/12/12 05:00,3.15,
2006/12/12 06:00,3.31,
2006/12/12 07:00,3.25,
2006/12/12 08:00,3.03,
2006/12/12 09:00,2.68,
2006/12/12 10:00,2.34,
2006/12/12 11:00,2.06,
2006/12/12 12:00,1.93,
2006/12/12 13:00,1.93,
2006/12/12 14:00,2.05,
2006/12/12 15:00,2.25,
2006/12/12 16:00,2.53,
2006/12/12 17:00,2.73,
2006/12/12 18:00,2.8,
2006/12/12 19:00,2.81,
2006/12/12 20:00,2.65,
2006/12/12 21:00,2.44,
2006/12/12 22:00,2.21,
2006/12/12 23:00,2.05,
2006/12/13 00:00,1.95,
2006/12/13 01:00,1.99,
2006/12/13 02:00,2.13,
2006/12/13 03:00,2.45,
2006/12/13 04:00,2.85,
2006/12/13 05:00,3.21,
2006/12/13 06:00,3.45,
2006/12/13 07:00,3.51,
2006/12/13 08:00,3.38,
2006/12/13 09:00,3.08,
2006/12/13 10:00,2.74,
2006/12/13 11:00,2.38,
2006/12/13 12:00,2.13,
2006/12/13 13:00,1.91,
2006/12/13 14:00,1.89,
2006/12/13 15:00,1.97,
2006/12/13 16:00,2.16,
2006/12/13 17:00,2.35,
2006/12/13 18:00,2.6,
2006/12/13 19:00,2.74,
2006/12/13 20:00,2.67,
2006/12/13 21:00,2.48,
2006/12/13 22:00,2.16,
2006/12/13 23:00,1.89,
2006/12/14 00:00,1.71,
2006/12/14 01:00,1.67,
2006/12/14 02:00,1.73,
2006/12/14 03:00,1.92,
2006/12/14 04:00,2.29,
2006/12/14 05:00,2.67,
2006/12/14 06:00,3.01,
2006/12/14 07:00,3.27,
2006/12/14 08:00,3.39,
2006/12/14 09:00,3.22,
2006/12/14 10:00,2.94,
2006/12/14 11:00,2.66,
2006/12/14 12:00,2.33,
2006/12/14 13:00,2.01,
2006/12/14 14:00,1.91,
2006/12/14 15:00,1.91,
2006/12/14 16:00,2.06,
2006/12/14 17:00,2.37,
2006/12/14 18:00,2.7,
2006/12/14 19:00,2.92,
2006/12/14 20:00,3.11,
2006/12/14 21:00,3.11,
2006/12/14 22:00,3.03,
2006/12/14 23:00,2.72,
2006/12/15 00:00,2.42,
2006/12/15 01:00,2.16,
2006/12/15 02:00,2.03,
2006/12/15 03:00,2.06,
2006/12/15 04:00,2.19,
2006/12/15 05:00,2.49,
2006/12/15 06:00,2.77,
2006/12/15 07:00,3.04,
2006/12/15 08:00,3.32,
2006/12/15 09:00,3.27,
2006/12/15 10:00,3.07,
2006/12/15 11:00,2.66,
2006/12/15 12:00,2.27,
2006/12/15 13:00,1.8,
2006/12/15 14:00,1.47,
2006/12/15 15:00,1.32,
2006/12/15 16:00,1.33,
2006/12/15 17:00,1.49,
2006/12/15 18:00,1.81,
2006/12/15 19:00,2.18,
2006/12/15 20:00,2.49,
2006/12/15 21:00,2.72,
2006/12/15 22:00,2.74,
2006/12/15 23:00,2.59,
2006/12/16 00:00,2.39,
2006/12/16 01:00,2.14,
2006/12/16 02:00,1.96,
2006/12/16 03:00,1.88,
2006/12/16 04:00,2.02,
2006/12/16 05:00,2.28,
2006/12/16 06:00,2.65,
2006/12/16 07:00,3.01,
2006/12/16 08:00,3.3,
2006/12/16 09:00,3.46,
2006/12/16 10:00,3.35,
2006/12/16 11:00,3.04,
2006/12/16 12:00,2.57,
2006/12/16 13:00,2.03,
2006/12/16 14:00,1.53,
2006/12/16 15:00,1.21,
2006/12/16 16:00,1.06,
2006/12/16 17:00,1.12,
2006/12/16 18:00,1.35,
2006/12/16 19:00,1.75,
2006/12/16 20:00,2.17,
2006/12/16 21:00,2.52,
2006/12/16 22:00,2.75,
2006/12/16 23:00,2.76,
2006/12/17 00:00,2.6,
2006/12/17 01:00,2.35,
2006/12/17 02:00,2.11,
2006/12/17 03:00,1.91,
2006/12/17 04:00,1.9,
2006/12/17 05:00,2.02,
2006/12/17 06:00,2.34,
2006/12/17 07:00,2.7,
2006/12/17 08:00,3.03,
2006/12/17 09:00,3.31,
2006/12/17 10:00,3.35,
2006/12/17 11:00,3.15,
2006/12/17 12:00,2.74,
2006/12/17 13:00,2.19,
2006/12/17 14:00,1.59,
2006/12/17 15:00,1.13,
2006/12/17 16:00,0.8,
2006/12/17 17:00,0.69,
2006/12/17 18:00,0.86,
2006/12/17 19:00,1.23,
2006/12/17 20:00,1.7,
2006/12/17 21:00,2.19,
2006/12/17 22:00,2.6,
2006/12/17 23:00,2.84,
2006/12/18 00:00,2.83,
2006/12/18 01:00,2.59,
2006/12/18 02:00,2.32,
2006/12/18 03:00,2.05,
2006/12/18 04:00,1.92,
2006/12/18 05:00,1.93,
2006/12/18 06:00,2.13,
2006/12/18 07:00,2.5,
2006/12/18 08:00,2.91,
2006/12/18 09:00,3.29,
2006/12/18 10:00,3.53,
2006/12/18 11:00,3.5,
2006/12/18 12:00,3.17,
2006/12/18 13:00,2.65,
2006/12/18 14:00,2.02,
2006/12/18 15:00,1.43,
2006/12/18 16:00,0.92,
2006/12/18 17:00,0.64,
2006/12/18 18:00,0.7,
2006/12/18 19:00,0.91,
2006/12/18 20:00,1.41,
2006/12/18 21:00,1.98,
2006/12/18 22:00,2.49,
2006/12/18 23:00,2.84,
2006/12/19 00:00,3.02,
2006/12/19 01:00,2.9,
2006/12/19 02:00,2.59,
2006/12/19 03:00,2.29,
2006/12/19 04:00,2.01,
2006/12/19 05:00,1.91,
2006/12/19 06:00,1.98,
2006/12/19 07:00,2.22,
2006/12/19 08:00,2.62,
2006/12/19 09:00,3.09,
2006/12/19 10:00,3.43,
2006/12/19 11:00,3.6,
2006/12/19 12:00,3.45,
2006/12/19 13:00,3.02,
2006/12/19 14:00,2.43,
2006/12/19 15:00,1.79,
2006/12/19 16:00,1.16,
2006/12/19 17:00,0.72,
2006/12/19 18:00,0.55,
2006/12/19 19:00,0.68,
2006/12/19 20:00,1.01,
2006/12/19 21:00,1.56,
2006/12/19 22:00,2.14,
2006/12/19 23:00,2.67,
2006/12/20 00:00,3.02,
2006/12/20 01:00,3.11,
2006/12/20 02:00,2.92,
2006/12/20 03:00,2.58,
2006/12/20 04:00,2.31,
2006/12/20 05:00,2.07,
2006/12/20 06:00,1.98,
2006/12/20 07:00,2.14,
2006/12/20 08:00,2.48,
2006/12/20 09:00,2.94,
2006/12/20 10:00,3.38,
2006/12/20 11:00,3.73,
2006/12/20 12:00,3.85,
2006/12/20 13:00,3.59,
2006/12/20 14:00,3.04,
2006/12/20 15:00,2.37,
2006/12/20 16:00,1.67,
2006/12/20 17:00,1.15,
2006/12/20 18:00,0.8,
2006/12/20 19:00,0.76,
2006/12/20 20:00,1,
2006/12/20 21:00,1.47,
2006/12/20 22:00,2.05,
2006/12/20 23:00,2.72,
2006/12/21 00:00,3.27,
2006/12/21 01:00,3.58,
2006/12/21 02:00,3.53,
2006/12/21 03:00,3.17,
2006/12/21 04:00,2.75,
2006/12/21 05:00,2.31,
2006/12/21 06:00,2.09,
2006/12/21 07:00,2.07,
2006/12/21 08:00,2.24,
2006/12/21 09:00,2.57,
2006/12/21 10:00,3.11,
2006/12/21 11:00,3.55,
2006/12/21 12:00,3.78,
2006/12/21 13:00,3.79,
2006/12/21 14:00,3.36,
2006/12/21 15:00,2.77,
2006/12/21 16:00,2.05,
2006/12/21 17:00,1.28,
2006/12/21 18:00,0.75,
2006/12/21 19:00,0.4,
2006/12/21 20:00,0.45,
2006/12/21 21:00,0.69,
2006/12/21 22:00,1.22,
2006/12/21 23:00,1.87,
2006/12/22 00:00,2.49,
2006/12/22 01:00,2.93,
2006/12/22 02:00,3.08,
2006/12/22 03:00,2.92,
2006/12/22 04:00,2.63,
2006/12/22 05:00,2.27,
2006/12/22 06:00,1.91,
2006/12/22 07:00,1.76,
2006/12/22 08:00,1.78,
2006/12/22 09:00,2.08,
2006/12/22 10:00,2.56,
2006/12/22 11:00,3.08,
2006/12/22 12:00,3.47,
2006/12/22 13:00,3.72,
2006/12/22 14:00,3.55,
2006/12/22 15:00,3.14,
2006/12/22 16:00,2.47,
2006/12/22 17:00,1.77,
2006/12/22 18:00,1.09,
2006/12/22 19:00,0.66,
2006/12/22 20:00,0.48,
2006/12/22 21:00,0.58,
2006/12/22 22:00,1,
2006/12/22 23:00,1.62,
2006/12/23 00:00,2.3,
2006/12/23 01:00,2.87,
2006/12/23 02:00,3.29,
2006/12/23 03:00,3.39,
2006/12/23 04:00,3.16,
2006/12/23 05:00,2.8,
2006/12/23 06:00,2.38,
2006/12/23 07:00,2.09,
2006/12/23 08:00,1.89,
2006/12/23 09:00,1.97,
2006/12/23 10:00,2.26,
2006/12/23 11:00,2.75,
2006/12/23 12:00,3.22,
2006/12/23 13:00,3.56,
2006/12/23 14:00,3.67,
2006/12/23 15:00,3.4,
2006/12/23 16:00,2.9,
2006/12/23 17:00,2.19,
2006/12/23 18:00,1.51,
2006/12/23 19:00,0.9,
2006/12/23 20:00,0.49,
2006/12/23 21:00,0.39,
2006/12/23 22:00,0.62,
2006/12/23 23:00,1.06,
2006/12/24 00:00,1.72,
2006/12/24 01:00,2.4,
2006/12/24 02:00,2.91,
2006/12/24 03:00,3.23,
2006/12/24 04:00,3.23,
2006/12/24 05:00,2.94,
2006/12/24 06:00,2.61,
2006/12/24 07:00,2.25,
2006/12/24 08:00,1.97,
2006/12/24 09:00,1.95,
2006/12/24 10:00,2.09,
2006/12/24 11:00,2.47,
2006/12/24 12:00,2.98,
2006/12/24 13:00,3.47,
2006/12/24 14:00,3.76,
2006/12/24 15:00,3.82,
2006/12/24 16:00,3.53,
2006/12/24 17:00,3,
2006/12/24 18:00,2.32,
2006/12/24 19:00,1.63,
2006/12/24 20:00,1.07,
2006/12/24 21:00,0.78,
2006/12/24 22:00,0.76,
2006/12/24 23:00,1.05,
2006/12/25 00:00,1.55,
2006/12/25 01:00,2.16,
2006/12/25 02:00,2.74,
2006/12/25 03:00,3.24,
2006/12/25 04:00,3.43,
2006/12/25 05:00,3.35,
2006/12/25 06:00,3.01,
2006/12/25 07:00,2.54,
2006/12/25 08:00,2.08,
2006/12/25 09:00,1.81,
2006/12/25 10:00,1.77,
2006/12/25 11:00,1.91,
2006/12/25 12:00,2.22,
2006/12/25 13:00,2.65,
2006/12/25 14:00,2.98,
2006/12/25 15:00,3.39,
2006/12/25 16:00,3.32,
2006/12/25 17:00,3.17,
2006/12/25 18:00,2.58,
2006/12/25 19:00,2.03,
2006/12/25 20:00,1.46,
2006/12/25 21:00,1.02,
2006/12/25 22:00,0.85,
2006/12/25 23:00,0.96,
2006/12/26 00:00,1.21,
2006/12/26 01:00,1.75,
2006/12/26 02:00,2.36,
2006/12/26 03:00,2.92,
2006/12/26 04:00,3.29,
2006/12/26 05:00,3.45,
2006/12/26 06:00,3.3,
2006/12/26 07:00,2.9,
2006/12/26 08:00,2.48,
2006/12/26 09:00,2.06,
2006/12/26 10:00,1.75,
2006/12/26 11:00,1.66,
2006/12/26 12:00,1.79,
2006/12/26 13:00,2.1,
2006/12/26 14:00,2.51,
2006/12/26 15:00,2.9,
2006/12/26 16:00,3.15,
2006/12/26 17:00,3.19,
2006/12/26 18:00,2.95,
2006/12/26 19:00,2.54,
2006/12/26 20:00,2.03,
2006/12/26 21:00,1.54,
2006/12/26 22:00,1.2,
2006/12/26 23:00,1.06,
2006/12/27 00:00,1.18,
2006/12/27 01:00,1.52,
2006/12/27 02:00,2,
2006/12/27 03:00,2.54,
2006/12/27 04:00,3.03,
2006/12/27 05:00,3.33,
2006/12/27 06:00,3.36,
2006/12/27 07:00,3.08,
2006/12/27 08:00,2.63,
2006/12/27 09:00,2.13,
2006/12/27 10:00,1.61,
2006/12/27 11:00,1.32,
2006/12/27 12:00,1.2,
2006/12/27 13:00,1.26,
2006/12/27 14:00,1.5,
2006/12/27 15:00,1.87,
2006/12/27 16:00,2.25,
2006/12/27 17:00,2.51,
2006/12/27 18:00,2.6,
2006/12/27 19:00,2.45,
2006/12/27 20:00,2.15,
2006/12/27 21:00,1.74,
2006/12/27 22:00,1.37,
2006/12/27 23:00,1.1,
2006/12/28 00:00,1.07,
2006/12/28 01:00,1.16,
2006/12/28 02:00,1.55,
2006/12/28 03:00,2,
2006/12/28 04:00,2.54,
2006/12/28 05:00,2.99,
2006/12/28 06:00,3.27,
2006/12/28 07:00,3.25,
2006/12/28 08:00,3,
2006/12/28 09:00,2.59,
2006/12/28 10:00,2.05,
2006/12/28 11:00,1.55,
2006/12/28 12:00,1.18,
2006/12/28 13:00,1.04,
2006/12/28 14:00,1.11,
2006/12/28 15:00,1.34,
2006/12/28 16:00,1.7,
2006/12/28 17:00,2.12,
2006/12/28 18:00,2.46,
2006/12/28 19:00,2.64,
2006/12/28 20:00,2.61,
2006/12/28 21:00,2.35,
2006/12/28 22:00,2.07,
2006/12/28 23:00,1.77,
2006/12/29 00:00,1.58,
2006/12/29 01:00,1.5,
2006/12/29 02:00,1.65,
2006/12/29 03:00,2.02,
2006/12/29 04:00,2.44,
2006/12/29 05:00,2.94,
2006/12/29 06:00,3.37,
2006/12/29 07:00,3.6,
2006/12/29 08:00,3.6,
2006/12/29 09:00,3.3,
2006/12/29 10:00,2.8,
2006/12/29 11:00,2.21,
2006/12/29 12:00,1.66,
2006/12/29 13:00,1.16,
2006/12/29 14:00,0.92,
2006/12/29 15:00,0.92,
2006/12/29 16:00,1.11,
2006/12/29 17:00,1.49,
2006/12/29 18:00,1.9,
2006/12/29 19:00,2.32,
2006/12/29 20:00,2.55,
2006/12/29 21:00,2.63,
2006/12/29 22:00,2.46,
2006/12/29 23:00,2.19,
2006/12/30 00:00,1.94,
2006/12/30 01:00,1.7,
2006/12/30 02:00,1.63,
2006/12/30 03:00,1.75,
2006/12/30 04:00,2.03,
2006/12/30 05:00,2.42,
2006/12/30 06:00,2.88,
2006/12/30 07:00,3.26,
2006/12/30 08:00,3.5,
2006/12/30 09:00,3.43,
2006/12/30 10:00,3.1,
2006/12/30 11:00,2.61,
2006/12/30 12:00,1.96,
2006/12/30 13:00,1.4,
2006/12/30 14:00,0.92,
2006/12/30 15:00,0.68,
2006/12/30 16:00,0.64,
2006/12/30 17:00,0.89,
2006/12/30 18:00,1.33,
2006/12/30 19:00,1.82,
2006/12/30 20:00,2.29,
2006/12/30 21:00,2.62,
2006/12/30 22:00,2.79,
2006/12/30 23:00,2.66,
2006/12/31 00:00,2.39,
