Tidal Current Constituents,,,,,,
Columns,,,,,,
Constituent,Longitude,Latitude,U Amplitude (m),U Phase (deg GMT),V Amplitude (m),V Phase (deg GMT)
O1:,-124.69066,48.388573,0.13916,153.323636,0.005583,170.092082
P1:,-124.69066,48.388573,0.080575,165.204906,0.002655,191.255136
Q1:,-124.69066,48.388573,0.016822,152.746443,0.000862,169.318951
K1:,-124.69066,48.388573,0.283688,171.977055,0.009147,190.920729
K2:,-124.69066,48.388573,0.025053,241.157178,0.001481,144.430627
N2:,-124.69066,48.388573,0.09747,228.522471,0.002196,165.419867
M2:,-124.69066,48.388573,0.468553,258.980079,0.010995,199.579794
S2:,-124.69066,48.388573,0.115709,284.657623,0.002999,220.045485
O1:,-124.69399,48.39256,0.15012,155.439989,0.012408,97.885641
P1:,-124.69399,48.39256,0.087174,167.822808,0.006893,98.010044
Q1:,-124.69399,48.39256,0.019235,153.75048,0.002171,81.912668
K1:,-124.69399,48.39256,0.303253,174.005721,0.023258,104.547326
K2:,-124.69399,48.39256,0.026493,253.245794,0.00464,209.615766
N2:,-124.69399,48.39256,0.100635,232.707298,0.008018,201.740384
M2:,-124.69399,48.39256,0.482653,262.966887,0.037106,232.474225
S2:,-124.69399,48.39256,0.119709,288.783431,0.009214,255.131893
O1:,-124.697334,48.39655,0.140836,155.594677,0.026982,153.136002
P1:,-124.697334,48.39655,0.082943,168.019556,0.012335,177.296121
Q1:,-124.697334,48.39655,0.017786,154.100053,0.005288,134.698929
K1:,-124.697334,48.39655,0.287994,174.470199,0.036732,176.522029
K2:,-124.697334,48.39655,0.025696,241.508266,0.002009,98.425518
N2:,-124.697334,48.39655,0.096566,229.929293,0.005945,306.832815
M2:,-124.697334,48.39655,0.463306,260.259342,0.027371,340.612356
S2:,-124.697334,48.39655,0.115251,285.736894,0.006057,20.873784
O1:,-124.700676,48.400536,0.131557,155.770572,0.047972,165.399107
P1:,-124.700676,48.400536,0.078713,168.236577,0.024341,193.440862
Q1:,-124.700676,48.400536,0.016337,154.511271,0.00942,145.266646
K1:,-124.700676,48.400536,0.27276,174.985657,0.069837,194.973551
K2:,-124.700676,48.400536,0.026018,229.557988,0.007149,61.212491
N2:,-124.700676,48.400536,0.092745,226.915016,0.01597,335.804059
M2:,-124.700676,48.400536,0.445091,257.323399,0.075051,8.613022
S2:,-124.700676,48.400536,0.111146,282.455828,0.019018,44.0099
O1:,-124.70401,48.404522,0.122313,155.975874,0.069776,170.095181
P1:,-124.70401,48.404522,0.074505,168.482243,0.036969,198.750018
Q1:,-124.70401,48.404522,0.014896,155.001837,0.01367,149.31906
K1:,-124.70401,48.404522,0.257614,175.564462,0.1054,201.288222
K2:,-124.70401,48.404522,0.027411,218.406983,0.012746,55.759096
N2:,-124.70401,48.404522,0.089211,223.669314,0.026876,341.949086
M2:,-124.70401,48.404522,0.428181,254.163037,0.126506,14.438883
S2:,-124.70401,48.404522,0.107442,278.953781,0.032532,48.204871
O1:,-124.70735,48.40851,0.142873,156.173424,0.059602,164.095935
P1:,-124.70735,48.40851,0.086343,171.576999,0.028868,196.261067
Q1:,-124.70735,48.40851,0.019174,152.424744,0.012217,141.960753
K1:,-124.70735,48.40851,0.291192,177.322443,0.078746,197.089955
K2:,-124.70735,48.40851,0.029098,236.928453,0.01131,86.272183
N2:,-124.70735,48.40851,0.095542,231.926993,0.01647,344.218615
M2:,-124.70735,48.40851,0.454833,262.218347,0.078952,16.925699
S2:,-124.70735,48.40851,0.114027,287.232005,0.021057,55.457523
O1:,-124.710686,48.412495,0.170485,156.48108,0.045477,151.358662
P1:,-124.710686,48.412495,0.102315,174.31978,0.017094,188.004224
Q1:,-124.710686,48.412495,0.024875,150.626971,0.010217,128.566993
K1:,-124.710686,48.412495,0.336951,178.910805,0.04217,181.49177
K2:,-124.710686,48.412495,0.035098,256.863665,0.013815,124.469213
N2:,-124.710686,48.412495,0.106627,241.098899,0.002039,10.648003
M2:,-124.710686,48.412495,0.50293,271.333728,0.012611,39.494218
S2:,-124.710686,48.412495,0.126095,296.636771,0.006873,100.294559
O1:,-124.71403,48.416485,0.195132,156.944659,0.036279,133.261696
P1:,-124.71403,48.416485,0.116682,176.474139,0.007958,162.060407
Q1:,-124.71403,48.416485,0.029993,149.828629,0.009042,112.951431
K1:,-124.71403,48.416485,0.377647,180.333942,0.022224,127.461889
K2:,-124.71403,48.416485,0.042754,269.080455,0.019089,143.978525
N2:,-124.71403,48.416485,0.117821,248.031599,0.011076,158.676159
M2:,-124.71403,48.416485,0.552009,278.31149,0.047992,189.398021
S2:,-124.71403,48.416485,0.138557,303.799696,0.012779,193.931913
O1:,-124.71737,48.420467,0.192484,159.628204,0.039191,143.590947
P1:,-124.71737,48.420467,0.11486,179.836317,0.011411,183.676474
Q1:,-124.71737,48.420467,0.029591,152.277402,0.008747,120.568512
K1:,-124.71737,48.420467,0.370378,183.65069,0.026814,167.165491
K2:,-124.71737,48.420467,0.03998,271.331965,0.016774,149.146179
N2:,-124.71737,48.420467,0.110729,250.999771,0.00918,201.740972
M2:,-124.71737,48.420467,0.518745,281.048383,0.039602,232.987421
S2:,-124.71737,48.420467,0.130227,306.329235,0.00791,229.053
O1:,-124.7207,48.424454,0.188695,162.059911,0.039097,152.205785
P1:,-124.7207,48.424454,0.112919,183.123744,0.013677,195.617705
Q1:,-124.7207,48.424454,0.029009,154.476992,0.007842,127.741547
K1:,-124.7207,48.424454,0.362079,186.947241,0.033534,189.14377
K2:,-124.7207,48.424454,0.037623,276.233689,0.014605,159.563903
N2:,-124.7207,48.424454,0.104466,254.971739,0.012484,233.847345
M2:,-124.7207,48.424454,0.48872,284.708414,0.053654,265.458089
S2:,-124.7207,48.424454,0.122857,309.887563,0.009171,276.032304
O1:,-124.724045,48.42844,0.182381,164.033578,0.032864,162.522775
P1:,-124.724045,48.42844,0.110375,186.231763,0.013032,208.754514
Q1:,-124.724045,48.42844,0.02804,156.221074,0.005725,136.676046
K1:,-124.724045,48.42844,0.350779,190.16604,0.034232,207.982606
K2:,-124.724045,48.42844,0.036573,285.740071,0.013533,179.719671
N2:,-124.724045,48.42844,0.099775,260.480342,0.017081,244.751446
M2:,-124.724045,48.42844,0.464822,289.803932,0.072454,276.779979
S2:,-124.724045,48.42844,0.11738,315.082196,0.013727,292.481969
O1:,-124.72739,48.432426,0.174957,166.480737,0.033286,174.441238
P1:,-124.72739,48.432426,0.106515,189.346555,0.015536,218.285542
Q1:,-124.72739,48.432426,0.026916,158.708768,0.005064,151.642393
K1:,-124.72739,48.432426,0.336861,193.326607,0.044117,220.331743
K2:,-124.72739,48.432426,0.035382,291.320395,0.013437,192.303436
N2:,-124.72739,48.432426,0.094954,264.004035,0.019694,251.598218
M2:,-124.72739,48.432426,0.441036,293.125177,0.0836,283.942613
S2:,-124.72739,48.432426,0.111693,318.457897,0.016476,301.083111
O1:,-124.73073,48.436413,0.166324,169.597478,0.041038,181.850011
P1:,-124.73073,48.436413,0.100969,192.582158,0.021223,220.963785
Q1:,-124.73073,48.436413,0.025644,162.229998,0.006146,162.982011
K1:,-124.73073,48.436413,0.319347,196.45909,0.062119,224.018821
K2:,-124.73073,48.436413,0.033038,291.830302,0.012832,194.585712
N2:,-124.73073,48.436413,0.089058,264.709097,0.019725,258.464536
M2:,-124.73073,48.436413,0.413714,293.873464,0.08462,290.939842
S2:,-124.73073,48.436413,0.104794,319.250928,0.016665,309.086898
O1:,-124.73406,48.440395,0.159612,172.480013,0.044735,184.66471
P1:,-124.73406,48.440395,0.09679,195.341076,0.02383,221.429999
Q1:,-124.73406,48.440395,0.024738,165.623152,0.006718,167.68905
K1:,-124.73406,48.440395,0.306331,199.123775,0.070612,224.615994
K2:,-124.73406,48.440395,0.030941,293.789916,0.01198,199.217166
N2:,-124.73406,48.440395,0.084622,265.628703,0.019608,262.487331
M2:,-124.73406,48.440395,0.393605,294.803781,0.084523,294.65318
S2:,-124.73406,48.440395,0.099745,320.355504,0.016938,313.149105
O1:,-124.737404,48.44438,0.154448,174.666969,0.043938,185.361617
P1:,-124.737404,48.44438,0.093676,197.117255,0.023276,221.174326
Q1:,-124.737404,48.44438,0.024137,168.33996,0.006632,169.041383
K1:,-124.737404,48.44438,0.296907,200.815499,0.069295,224.100146
K2:,-124.737404,48.44438,0.029099,297.275516,0.0108,206.700654
N2:,-124.737404,48.44438,0.081713,266.574213,0.01897,263.744772
M2:,-124.737404,48.44438,0.381027,295.724283,0.081701,295.284455
S2:,-124.737404,48.44438,0.096599,321.594152,0.016889,313.653858
O1:,-124.740746,48.448368,0.148036,175.926367,0.045497,189.327969
P1:,-124.740746,48.448368,0.089595,198.10716,0.024215,223.813626
Q1:,-124.740746,48.448368,0.023308,169.815076,0.006876,173.554967
K1:,-124.740746,48.448368,0.284365,201.698655,0.072566,226.847878
K2:,-124.740746,48.448368,0.026886,299.598819,0.009069,213.229268
N2:,-124.740746,48.448368,0.078286,266.791295,0.017907,266.615983
M2:,-124.740746,48.448368,0.365923,295.962715,0.077414,297.825709
S2:,-124.740746,48.448368,0.09264,322.123346,0.016294,316.99544
O1:,-124.74408,48.45235,0.142066,177.285972,0.046911,192.833384
P1:,-124.74408,48.45235,0.085786,199.17157,0.025033,226.168449
Q1:,-124.74408,48.45235,0.022548,171.386741,0.007102,177.577122
K1:,-124.74408,48.45235,0.272651,202.651111,0.075439,229.267115
K2:,-124.74408,48.45235,0.024838,302.286517,0.007606,222.142686
N2:,-124.74408,48.45235,0.075035,267.090243,0.016988,269.572653
M2:,-124.74408,48.45235,0.351557,296.286066,0.07372,300.427764
S2:,-124.74408,48.45235,0.088891,322.746518,0.01584,320.282226
O1:,-124.74742,48.456337,0.138822,178.652811,0.04586,194.953183
P1:,-124.74742,48.456337,0.083776,200.172485,0.024636,227.880697
Q1:,-124.74742,48.456337,0.02219,172.974001,0.006919,180.406271
K1:,-124.74742,48.456337,0.266513,203.587616,0.074328,231.000447
K2:,-124.74742,48.456337,0.023671,305.007583,0.00702,229.797405
N2:,-124.74742,48.456337,0.073052,267.892729,0.016802,270.74783
M2:,-124.74742,48.456337,0.342504,297.132142,0.073285,301.484857
S2:,-124.74742,48.456337,0.086616,323.781574,0.016024,321.501348
O1:,-124.75076,48.46032,0.135661,180.082702,0.044877,197.168251
P1:,-124.75076,48.46032,0.081794,201.221093,0.024262,229.64631
Q1:,-124.75076,48.46032,0.02185,174.610474,0.006755,183.379468
K1:,-124.75076,48.46032,0.260451,204.566912,0.073292,232.783527
K2:,-124.75076,48.46032,0.022563,308.000107,0.006579,238.651
N2:,-124.75076,48.46032,0.071085,268.738933,0.016624,271.949348
M2:,-124.75076,48.46032,0.333531,298.023015,0.072878,302.55481
S2:,-124.75076,48.46032,0.084372,324.870922,0.016216,322.693502
O1:,-124.754105,48.464302,0.132511,181.535344,0.044034,199.482678
P1:,-124.754105,48.464302,0.079797,202.286549,0.023952,231.460587
Q1:,-124.754105,48.464302,0.021512,176.253022,0.006619,186.481991
K1:,-124.754105,48.464302,0.254336,205.558704,0.072458,234.616833
K2:,-124.754105,48.464302,0.021509,311.171691,0.00628,248.374663
N2:,-124.754105,48.464302,0.069078,269.610745,0.016445,273.288537
M2:,-124.754105,48.464302,0.324384,298.940748,0.072486,303.748455
S2:,-124.754105,48.464302,0.082086,325.992032,0.016405,324.020416
O1:,-124.75744,48.46829,0.129001,182.040916,0.043255,201.820847
P1:,-124.75744,48.46829,0.077657,202.599103,0.023736,233.329763
Q1:,-124.75744,48.46829,0.02103,176.861702,0.006472,189.55521
K1:,-124.75744,48.46829,0.247621,205.838777,0.072034,236.701681
K2:,-124.75744,48.46829,0.020671,312.381247,0.005821,253.185269
N2:,-124.75744,48.46829,0.066856,269.956595,0.015819,275.378464
M2:,-124.75744,48.46829,0.3143,299.345677,0.070139,305.685477
S2:,-124.75744,48.46829,0.07952,326.49021,0.015931,326.257197
O1:,-124.76078,48.47227,0.126191,182.294106,0.041353,204.286803
P1:,-124.76078,48.47227,0.075953,202.713373,0.022954,235.356299
Q1:,-124.76078,48.47227,0.020628,177.126909,0.006137,193.123454
K1:,-124.76078,48.47227,0.242092,205.942766,0.069921,239.038343
K2:,-124.76078,48.47227,0.020131,313.185252,0.005557,255.238329
N2:,-124.76078,48.47227,0.065167,270.098427,0.014839,276.771682
M2:,-124.76078,48.47227,0.306732,299.574109,0.066074,306.838357
S2:,-124.76078,48.47227,0.077615,326.783647,0.014992,327.282925
O1:,-124.76412,48.476254,0.123507,182.602075,0.039089,207.071301
P1:,-124.76412,48.476254,0.074297,202.884514,0.021983,237.511786
Q1:,-124.76412,48.476254,0.020249,177.41193,0.00576,197.4126
K1:,-124.76412,48.476254,0.236693,206.096425,0.067266,241.495472
K2:,-124.76412,48.476254,0.019542,313.891326,0.00529,258.067845
N2:,-124.76412,48.476254,0.063499,270.239055,0.01378,278.373002
M2:,-124.76412,48.476254,0.299306,299.828988,0.061764,308.035136
S2:,-124.76412,48.476254,0.075701,327.116101,0.014038,328.416654
O1:,-124.76746,48.480236,0.120827,182.923617,0.03693,210.188631
P1:,-124.76746,48.480236,0.072643,203.06338,0.021047,239.861672
Q1:,-124.76746,48.480236,0.019872,177.707761,0.005419,202.270487
K1:,-124.76746,48.480236,0.231297,206.257199,0.064747,244.147971
K2:,-124.76746,48.480236,0.018958,314.640696,0.005038,261.190452
N2:,-124.76746,48.480236,0.061831,270.387176,0.012735,280.238325
M2:,-124.76746,48.480236,0.291889,300.096698,0.057487,309.410213
S2:,-124.76746,48.480236,0.073791,327.465615,0.01309,329.714957
O1:,-124.770805,48.48422,0.119074,183.141371,0.03507,213.453987
P1:,-124.770805,48.48422,0.071474,203.153262,0.02017,242.542515
Q1:,-124.770805,48.48422,0.019649,177.858357,0.005163,206.947822
K1:,-124.770805,48.48422,0.227608,206.33359,0.062262,246.961622
K2:,-124.770805,48.48422,0.018493,315.42239,0.004834,261.254531
N2:,-124.770805,48.48422,0.060623,270.506769,0.011677,281.446655
M2:,-124.770805,48.48422,0.286318,300.242627,0.052667,310.583684
S2:,-124.770805,48.48422,0.072411,327.717982,0.011954,330.235435
O1:,-124.77414,48.4882,0.117356,183.257827,0.033992,216.533384
P1:,-124.77414,48.4882,0.070413,203.064371,0.01957,245.118254
Q1:,-124.77414,48.4882,0.019454,178.051468,0.005072,210.709025
K1:,-124.77414,48.4882,0.224413,206.230388,0.060492,249.521626
K2:,-124.77414,48.4882,0.018209,316.550031,0.004689,262.302708
N2:,-124.77414,48.4882,0.059661,270.561056,0.010802,282.349407
M2:,-124.77414,48.4882,0.281892,300.271012,0.048508,311.582109
S2:,-124.77414,48.4882,0.071374,327.874978,0.011001,330.506785
O1:,-124.77748,48.492184,0.115236,183.346042,0.033462,219.452152
P1:,-124.77748,48.492184,0.069213,202.868604,0.019183,247.49878
Q1:,-124.77748,48.492184,0.019209,178.355615,0.005084,213.843874
K1:,-124.77748,48.492184,0.220825,206.017372,0.059335,251.842411
K2:,-124.77748,48.492184,0.018023,317.967399,0.004584,265.853407
N2:,-124.77748,48.492184,0.058684,270.577147,0.010088,283.457944
M2:,-124.77748,48.492184,0.277528,300.263342,0.045143,312.619957
S2:,-124.77748,48.492184,0.070368,328.005774,0.010286,331.048371
O1:,-124.78082,48.496166,0.113116,183.437552,0.033022,222.455771
P1:,-124.78082,48.496166,0.068014,202.666019,0.018831,249.971792
Q1:,-124.78082,48.496166,0.018964,178.66753,0.005111,216.953378
K1:,-124.78082,48.496166,0.217241,205.79743,0.058279,254.250264
K2:,-124.78082,48.496166,0.017849,319.412626,0.004498,269.554988
N2:,-124.78082,48.496166,0.057707,270.593745,0.009378,284.734232
M2:,-124.78082,48.496166,0.273163,300.255396,0.041797,313.823888
S2:,-124.78082,48.496166,0.069361,328.140276,0.009573,331.67058
O1:,-124.784164,48.50015,0.110994,183.532653,0.032675,225.533994
P1:,-124.784164,48.50015,0.066815,202.456036,0.018515,252.535638
Q1:,-124.784164,48.50015,0.018721,178.987856,0.005154,220.022948
K1:,-124.784164,48.50015,0.213657,205.569989,0.057331,256.743699
K2:,-124.784164,48.50015,0.017686,320.886174,0.004432,273.389161
N2:,-124.784164,48.50015,0.056729,270.610879,0.008674,286.219402
M2:,-124.784164,48.50015,0.268795,300.247139,0.038472,315.23733
S2:,-124.784164,48.50015,0.068354,328.278776,0.008861,332.393421
O1:,-124.787506,48.504128,0.108875,183.631375,0.032425,228.664935
P1:,-124.787506,48.504128,0.065618,202.238681,0.018238,255.179142
Q1:,-124.787506,48.504128,0.018477,179.316288,0.005211,223.030175
K1:,-124.787506,48.504128,0.210079,205.335138,0.056497,259.312103
K2:,-124.787506,48.504128,0.017535,322.383887,0.004386,277.319926
N2:,-124.787506,48.504128,0.055752,270.628529,0.007978,287.962774
M2:,-124.787506,48.504128,0.26443,300.238558,0.035181,316.914087
S2:,-124.787506,48.504128,0.067348,328.421159,0.008152,333.241209
O1:,-124.79085,48.50811,0.106855,182.824767,0.031499,233.951371
P1:,-124.79085,48.50811,0.06445,201.196066,0.017617,260.157784
Q1:,-124.79085,48.50811,0.018215,178.613168,0.005169,228.298399
K1:,-124.79085,48.50811,0.206568,204.256275,0.054546,264.374164
K2:,-124.79085,48.50811,0.017708,323.979841,0.00441,280.161275
N2:,-124.79085,48.50811,0.055148,270.419223,0.006868,289.966139
M2:,-124.79085,48.50811,0.261859,299.985226,0.029884,318.769207
S2:,-124.79085,48.50811,0.066856,328.318073,0.006946,333.163835
O1:,-124.79419,48.512093,0.104655,182.080049,0.030652,238.495546
P1:,-124.79419,48.512093,0.063368,200.078813,0.016948,264.72472
Q1:,-124.79419,48.512093,0.017917,177.898214,0.005093,232.920747
K1:,-124.79419,48.512093,0.203281,203.142688,0.052531,268.959374
K2:,-124.79419,48.512093,0.018132,325.610886,0.004538,282.720998
N2:,-124.79419,48.512093,0.054654,270.244183,0.005914,291.979021
M2:,-124.79419,48.512093,0.260057,299.751617,0.025274,320.150723
S2:,-124.79419,48.512093,0.066638,328.23506,0.005946,331.946321
O1:,-124.79752,48.51607,0.102445,181.395192,0.030076,243.101794
P1:,-124.79752,48.51607,0.062303,198.996039,0.016426,269.470945
Q1:,-124.79752,48.51607,0.01762,177.256742,0.00506,237.515057
K1:,-124.79752,48.51607,0.200047,202.070524,0.050978,273.683751
K2:,-124.79752,48.51607,0.018547,327.184306,0.004664,285.581375
N2:,-124.79752,48.51607,0.054113,270.105635,0.005033,294.935904
M2:,-124.79752,48.51607,0.258049,299.553268,0.020977,322.323754
S2:,-124.79752,48.51607,0.066364,328.189018,0.005018,330.788056
O1:,-124.800865,48.520054,0.100243,180.676431,0.029702,247.872457
P1:,-124.800865,48.520054,0.061258,197.871603,0.016023,274.50812
Q1:,-124.800865,48.520054,0.017324,176.589732,0.005061,242.154478
K1:,-124.800865,48.520054,0.196876,200.959105,0.049792,278.684874
K2:,-124.800865,48.520054,0.018976,328.690582,0.004802,288.295722
N2:,-124.800865,48.520054,0.053571,269.963125,0.004168,299.140302
M2:,-124.800865,48.520054,0.256037,299.350496,0.016716,325.615505
S2:,-124.800865,48.520054,0.066089,328.141648,0.004091,329.097055
O1:,-124.80421,48.524033,0.098059,179.925279,0.029539,252.727693
P1:,-124.80421,48.524033,0.060238,196.708936,0.01575,279.7587
Q1:,-124.80421,48.524033,0.017031,175.89938,0.005095,246.760111
K1:,-124.80421,48.524033,0.193782,199.812043,0.049003,283.884874
K2:,-124.80421,48.524033,0.019417,330.127639,0.00495,290.852644
N2:,-124.80421,48.524033,0.053029,269.817457,0.003339,305.477664
M2:,-124.80421,48.524033,0.254029,299.144329,0.012551,331.115628
S2:,-124.80421,48.524033,0.065813,328.093544,0.003171,326.420982
O1:,-124.80755,48.52801,0.097359,177.396672,0.025371,258.98022
P1:,-124.80755,48.52801,0.060386,193.982477,0.013292,288.472515
Q1:,-124.80755,48.52801,0.017001,173.348697,0.004295,251.518693
K1:,-124.80755,48.52801,0.194437,197.042485,0.041295,293.445075
K2:,-124.80755,48.52801,0.02052,326.846225,0.004285,278.676672
N2:,-124.80755,48.52801,0.054132,267.637061,0.000598,8.213634
M2:,-124.80755,48.52801,0.259545,296.983896,0.002213,110.270183
S2:,-124.80755,48.52801,0.067639,325.980628,0.001685,235.255626
O1:,-124.81089,48.531994,0.097007,174.675452,0.02123,267.888383
P1:,-124.81089,48.531994,0.060787,191.137481,0.011076,301.38216
Q1:,-124.81089,48.531994,0.017033,170.625364,0.003456,258.583949
K1:,-124.81089,48.531994,0.195924,194.154481,0.034632,307.631809
K2:,-124.81089,48.531994,0.021761,323.513513,0.003849,261.023625
N2:,-124.81089,48.531994,0.055477,265.36885,0.003193,105.88952
M2:,-124.81089,48.531994,0.266178,294.745162,0.017121,141.422496
S2:,-124.81089,48.531994,0.069766,323.801939,0.004931,191.849232
O1:,-124.81423,48.535973,0.095601,172.219096,0.020488,278.545166
P1:,-124.81423,48.535973,0.060412,188.541324,0.010974,314.673266
Q1:,-124.81423,48.535973,0.016851,168.150304,0.003258,268.803955
K1:,-124.81423,48.535973,0.19498,191.568726,0.034706,321.193469
K2:,-124.81423,48.535973,0.022524,322.443586,0.003649,255.215241
N2:,-124.81423,48.535973,0.055789,264.163623,0.005329,105.749804
M2:,-124.81423,48.535973,0.267945,293.552531,0.026849,139.425256
S2:,-124.81423,48.535973,0.070529,322.721059,0.007098,183.210707
O1:,-124.81757,48.53995,0.093247,169.669217,0.022597,287.818322
P1:,-124.81757,48.53995,0.059373,185.849168,0.012492,324.021558
Q1:,-124.81757,48.53995,0.016477,165.596113,0.003614,278.516354
K1:,-124.81757,48.53995,0.191971,188.926943,0.039655,330.041627
K2:,-124.81757,48.53995,0.022874,322.808448,0.003419,260.403421
N2:,-124.81757,48.53995,0.055293,263.602748,0.006704,101.658879
M2:,-124.81757,48.53995,0.265856,292.987665,0.032964,135.192559
S2:,-124.81757,48.53995,0.070217,322.303087,0.008242,176.923096
O1:,-124.820915,48.54393,0.089408,165.708666,0.028165,295.277524
P1:,-124.820915,48.54393,0.057409,181.860055,0.015953,329.096045
Q1:,-124.820915,48.54393,0.015788,161.822885,0.004616,286.435091
K1:,-124.820915,48.54393,0.186207,185.014466,0.050572,334.541004
K2:,-124.820915,48.54393,0.022785,324.066244,0.003317,276.813713
N2:,-124.820915,48.54393,0.05415,263.094618,0.007921,95.384022
M2:,-124.820915,48.54393,0.260435,292.43735,0.038436,128.766056
S2:,-124.820915,48.54393,0.068984,321.952044,0.009059,169.184302
O1:,-124.82426,48.54791,0.086033,161.415429,0.034052,300.219717
P1:,-124.82426,48.54791,0.055742,177.610606,0.019494,332.345295
Q1:,-124.82426,48.54791,0.015173,157.724783,0.005675,291.468983
K1:,-124.82426,48.54791,0.181363,180.872779,0.061689,337.431577
K2:,-124.82426,48.54791,0.022708,325.333246,0.003491,292.874792
N2:,-124.82426,48.54791,0.053012,262.564622,0.009208,90.819679
M2:,-124.82426,48.54791,0.25504,291.863695,0.044269,123.985132
S2:,-124.82426,48.54791,0.067753,321.588233,0.010012,162.819473
O1:,-124.8276,48.551888,0.083995,158.353231,0.037082,303.452162
P1:,-124.8276,48.551888,0.055064,174.820597,0.021271,335.535915
Q1:,-124.8276,48.551888,0.014749,154.870333,0.006188,294.259132
K1:,-124.8276,48.551888,0.179249,178.19996,0.067297,340.336242
K2:,-124.8276,48.551888,0.02262,324.386451,0.003342,299.702184
N2:,-124.8276,48.551888,0.052471,261.591257,0.010599,89.359394
M2:,-124.8276,48.551888,0.252529,290.892345,0.050576,122.267553
S2:,-124.8276,48.551888,0.067177,320.664836,0.011355,159.439156
O1:,-124.83094,48.555866,0.08238,155.528424,0.03949,306.182267
P1:,-124.83094,48.555866,0.054667,172.377155,0.022681,338.507315
Q1:,-124.83094,48.555866,0.014386,152.238686,0.006576,296.508978
K1:,-124.83094,48.555866,0.177908,175.872266,0.071732,343.052195
K2:,-124.83094,48.555866,0.022541,322.901242,0.003105,305.34984
N2:,-124.83094,48.555866,0.052088,260.500864,0.01201,88.650815
M2:,-124.83094,48.555866,0.25078,289.815953,0.056975,121.338947
S2:,-124.83094,48.555866,0.066778,319.598285,0.012796,157.170644
O1:,-124.83428,48.559845,0.080974,152.597598,0.041978,308.594534
P1:,-124.83428,48.559845,0.05437,169.902003,0.024144,341.12572
Q1:,-124.83428,48.559845,0.014055,149.47642,0.006973,298.506067
K1:,-124.83428,48.559845,0.176864,173.51272,0.076309,345.447986
K2:,-124.83428,48.559845,0.022478,321.406257,0.002903,311.853753
N2:,-124.83428,48.559845,0.051725,259.394473,0.013423,88.091447
M2:,-124.83428,48.559845,0.249121,288.724567,0.063388,120.598066
S2:,-124.83428,48.559845,0.066402,318.51901,0.014253,155.363292
O1:,-124.83762,48.563824,0.079913,149.139632,0.04498,311.407448
P1:,-124.83762,48.563824,0.054211,167.038717,0.025959,343.899608
Q1:,-124.83762,48.563824,0.013777,146.112765,0.007449,301.115211
K1:,-124.83762,48.563824,0.176248,170.769442,0.081973,348.014712
K2:,-124.83762,48.563824,0.022307,320.158561,0.00281,321.459195
N2:,-124.83762,48.563824,0.051475,258.257849,0.014952,88.009208
M2:,-124.83762,48.563824,0.247961,287.606799,0.070355,120.310565
S2:,-124.83762,48.563824,0.066107,317.449011,0.015823,154.070195
O1:,-124.840965,48.567802,0.080132,145.394732,0.048214,315.570582
P1:,-124.840965,48.567802,0.054605,164.072074,0.028071,347.661595
Q1:,-124.840965,48.567802,0.013741,142.27476,0.007934,305.616314
K1:,-124.840965,48.567802,0.177401,167.87798,0.088646,351.651842
K2:,-124.840965,48.567802,0.021882,319.011866,0.002756,332.648398
N2:,-124.840965,48.567802,0.051562,257.129988,0.016642,88.952404
M2:,-124.840965,48.567802,0.248254,286.532052,0.078072,120.984582
S2:,-124.840965,48.567802,0.066062,316.428131,0.01761,153.795462
O1:,-124.84431,48.571777,0.081995,142.862115,0.050399,320.29619
P1:,-124.84431,48.571777,0.055675,162.292681,0.029686,351.881263
Q1:,-124.84431,48.571777,0.014055,139.467331,0.008226,311.198796
K1:,-124.84431,48.571777,0.180753,166.059452,0.093946,355.883174
K2:,-124.84431,48.571777,0.021273,317.197909,0.002426,341.547653
N2:,-124.84431,48.571777,0.051822,256.138456,0.018171,90.213912
M2:,-124.84431,48.571777,0.249152,285.645727,0.084996,121.982401
S2:,-124.84431,48.571777,0.06607,315.484386,0.019359,154.122875
O1:,-124.84765,48.575756,0.083775,140.027111,0.05373,323.525229
P1:,-124.84765,48.575756,0.056446,160.147362,0.031724,354.339383
Q1:,-124.84765,48.575756,0.014373,136.224633,0.00878,315.110402
K1:,-124.84765,48.575756,0.183162,163.881589,0.10052,358.304093
K2:,-124.84765,48.575756,0.020282,315.797884,0.00252,355.615634
N2:,-124.84765,48.575756,0.05159,255.242459,0.01954,90.34383
M2:,-124.84765,48.575756,0.247582,284.824821,0.09117,121.84574
S2:,-124.84765,48.575756,0.065364,314.642459,0.020831,153.210931
O1:,-124.85099,48.57973,0.08575,137.318393,0.057209,326.367599
P1:,-124.85099,48.57973,0.057293,158.064267,0.033811,356.496312
Q1:,-124.85099,48.57973,0.014735,133.133873,0.00937,318.541371
K1:,-124.85099,48.57973,0.185827,161.764899,0.107246,0.423493
K2:,-124.85099,48.57973,0.019305,314.257149,0.002751,7.976965
N2:,-124.85099,48.57973,0.051371,254.339556,0.020906,90.457611
M2:,-124.85099,48.57973,0.246065,283.994546,0.097337,121.727588
S2:,-124.85099,48.57973,0.064673,313.783328,0.022306,152.421305
O1:,-124.85433,48.58371,0.08791,134.734836,0.060816,328.880642
P1:,-124.85433,48.58371,0.058214,156.042597,0.035942,358.401201
Q1:,-124.85433,48.58371,0.015137,130.196569,0.009989,321.559168
K1:,-124.85433,48.58371,0.188741,159.708848,0.114107,2.29163
K2:,-124.85433,48.58371,0.018342,312.55071,0.003088,18.056458
N2:,-124.85433,48.58371,0.051164,253.42797,0.022275,90.55644
M2:,-124.85433,48.58371,0.244598,283.153009,0.103513,121.622201
S2:,-124.85433,48.58371,0.063996,312.904611,0.023787,151.727814
O1:,-124.85767,48.587685,0.090036,133.572106,0.062874,331.034173
P1:,-124.85767,48.587685,0.059057,155.108329,0.037393,0.051191
Q1:,-124.85767,48.587685,0.015509,128.709504,0.010352,324.00033
K1:,-124.85767,48.587685,0.191381,158.75516,0.118752,3.932088
K2:,-124.85767,48.587685,0.017465,310.628231,0.003208,28.657964
N2:,-124.85767,48.587685,0.051223,253.174936,0.023069,91.641479
M2:,-124.85767,48.587685,0.244338,282.964704,0.107094,122.50264
S2:,-124.85767,48.587685,0.063558,312.594842,0.024742,152.075823
O1:,-124.861015,48.591663,0.092051,133.399979,0.063793,333.034568
P1:,-124.861015,48.591663,0.059806,154.948319,0.038343,1.570753
Q1:,-124.861015,48.591663,0.01584,128.228537,0.010521,326.158378
K1:,-124.861015,48.591663,0.193698,158.587027,0.121769,5.461216
K2:,-124.861015,48.591663,0.016658,308.485386,0.003242,40.967522
N2:,-124.861015,48.591663,0.051473,253.412167,0.023456,93.419938
M2:,-124.861015,48.591663,0.24495,283.26493,0.10882,124.070024
S2:,-124.861015,48.591663,0.06329,312.717361,0.025313,153.11458
O1:,-124.86436,48.59564,0.094065,133.235179,0.064787,334.975627
P1:,-124.86436,48.59564,0.060556,154.792246,0.039319,3.015714
Q1:,-124.86436,48.59564,0.016172,127.767287,0.010706,328.244707
K1:,-124.86436,48.59564,0.196016,158.422853,0.124869,6.915266
K2:,-124.86436,48.59564,0.015878,306.128821,0.003419,52.502903
N2:,-124.86436,48.59564,0.051724,253.647086,0.023864,95.139004
M2:,-124.86436,48.59564,0.245569,283.563631,0.110624,125.587296
S2:,-124.86436,48.59564,0.063023,312.840941,0.025892,154.107202
O1:,-124.8677,48.599613,0.096078,133.077611,0.065851,336.85369
P1:,-124.8677,48.599613,0.061305,154.64026,0.040318,4.388118
Q1:,-124.8677,48.599613,0.016505,127.32527,0.010903,330.255474
K1:,-124.8677,48.599613,0.198333,158.262788,0.128041,8.296282
K2:,-124.8677,48.599613,0.015128,303.536272,0.003718,62.536643
N2:,-124.8677,48.599613,0.051976,253.879415,0.024293,96.796598
M2:,-124.8677,48.599613,0.246193,283.860417,0.112502,127.052854
S2:,-124.8677,48.599613,0.062756,312.96535,0.026478,155.054707
O1:,-124.87104,48.60359,0.098093,132.926688,0.066984,338.671158
P1:,-124.87104,48.60359,0.062054,154.492036,0.041338,5.694003
Q1:,-124.87104,48.60359,0.016838,126.900746,0.011114,332.193477
K1:,-124.87104,48.60359,0.200652,158.10649,0.131285,9.610324
K2:,-124.87104,48.60359,0.014411,300.676919,0.004113,70.875577
N2:,-124.87104,48.60359,0.052228,254.109563,0.024741,98.395867
M2:,-124.87104,48.60359,0.246824,284.155773,0.114453,128.469639
S2:,-124.87104,48.60359,0.062489,313.090744,0.027071,155.960842
O1:,-124.87438,48.607563,0.099942,132.919622,0.067774,340.335732
P1:,-124.87438,48.607563,0.062714,154.513151,0.0421,6.890311
Q1:,-124.87438,48.607563,0.017149,126.647542,0.011266,334.000247
K1:,-124.87438,48.607563,0.202673,158.113433,0.133732,10.810419
K2:,-124.87438,48.607563,0.013694,297.650676,0.004563,77.343783
N2:,-124.87438,48.607563,0.05232,254.296913,0.025143,99.616359
M2:,-124.87438,48.607563,0.246759,284.409017,0.116198,129.535544
S2:,-124.87438,48.607563,0.062067,313.194913,0.02761,156.576876
O1:,-124.87772,48.611538,0.100749,133.957701,0.065748,341.559707
P1:,-124.87772,48.611538,0.06282,155.761663,0.040962,7.918204
Q1:,-124.87772,48.611538,0.017309,127.555143,0.010935,335.626345
K1:,-124.87772,48.611538,0.202871,159.305585,0.130311,11.819495
K2:,-124.87772,48.611538,0.01278,294.779886,0.004988,81.843834
N2:,-124.87772,48.611538,0.051372,254.225939,0.02512,98.714485
M2:,-124.87772,48.611538,0.242137,284.398002,0.116181,128.575396
S2:,-124.87772,48.611538,0.060649,313.127191,0.027785,155.498553
O1:,-124.881065,48.615513,0.101589,134.980077,0.063754,342.862776
P1:,-124.881065,48.615513,0.062957,157.006673,0.039836,9.006527
Q1:,-124.881065,48.615513,0.017475,128.446878,0.010612,337.354949
K1:,-124.881065,48.615513,0.203159,160.496194,0.126931,12.88467
K2:,-124.881065,48.615513,0.011904,291.474486,0.005439,85.620211
N2:,-124.881065,48.615513,0.050423,254.152478,0.025102,97.811628
M2:,-124.881065,48.615513,0.237513,284.386751,0.116195,127.615609
S2:,-124.881065,48.615513,0.059229,313.056265,0.027968,154.434255
O1:,-124.88441,48.619488,0.102462,135.985356,0.061794,344.249245
P1:,-124.88441,48.619488,0.063124,158.245699,0.038726,10.157686
Q1:,-124.88441,48.619488,0.017644,129.321706,0.0103,339.190059
K1:,-124.88441,48.619488,0.203534,161.682929,0.123597,14.007716
K2:,-124.88441,48.619488,0.011073,287.658683,0.005909,88.80725
N2:,-124.88441,48.619488,0.049475,254.0762,0.025091,96.907748
M2:,-124.88441,48.619488,0.232889,284.375054,0.116242,126.656318
S2:,-124.88441,48.619488,0.05781,312.981857,0.028162,153.384209
O1:,-124.88775,48.623463,0.103364,136.972278,0.059874,345.723492
P1:,-124.88775,48.623463,0.063319,159.476351,0.037633,11.374096
Q1:,-124.88775,48.623463,0.017817,130.178699,0.01,341.135176
K1:,-124.88775,48.623463,0.203994,162.863523,0.120315,15.190353
K2:,-124.88775,48.623463,0.010299,283.250331,0.006395,91.516229
N2:,-124.88775,48.623463,0.048527,253.996756,0.025087,96.002864
M2:,-124.88775,48.623463,0.228267,284.362681,0.116322,125.697722
S2:,-124.88775,48.623463,0.056392,312.903663,0.028365,152.348651
O1:,-124.89109,48.627438,0.104297,137.941836,0.057997,347.294298
P1:,-124.89109,48.627438,0.063543,160.698878,0.036558,12.662662
Q1:,-124.89109,48.627438,0.017994,131.019012,0.009711,343.198355
K1:,-124.89109,48.627438,0.20454,164.038308,0.117087,16.438754
K2:,-124.89109,48.627438,0.009596,278.161816,0.006893,93.838275
N2:,-124.89109,48.627438,0.04758,253.914146,0.025089,95.097883
M2:,-124.89109,48.627438,0.223644,284.349798,0.116436,124.740723
S2:,-124.89109,48.627438,0.054973,312.821434,0.028577,151.328136
O1:,-124.89444,48.631413,0.104697,139.027737,0.055716,348.214893
P1:,-124.89444,48.631413,0.063577,162.064534,0.035233,13.417512
Q1:,-124.89444,48.631413,0.018064,131.975358,0.009356,344.580345
K1:,-124.89444,48.631413,0.2044,165.38242,0.112951,17.137637
K2:,-124.89444,48.631413,0.009072,274.020345,0.00714,95.482173
N2:,-124.89444,48.631413,0.046668,254.285567,0.024615,94.578093
M2:,-124.89444,48.631413,0.219131,284.757865,0.114323,124.119169
S2:,-124.89444,48.631413,0.053629,313.133917,0.028222,150.644057
O1:,-124.89778,48.635384,0.103091,140.059147,0.053178,346.888504
P1:,-124.89778,48.635384,0.062591,163.161374,0.033757,11.945846
Q1:,-124.89778,48.635384,0.017749,133.110256,0.008922,343.371297
K1:,-124.89778,48.635384,0.201107,166.503968,0.1082,15.665766
K2:,-124.89778,48.635384,0.008965,274.663493,0.006888,98.688582
N2:,-124.89778,48.635384,0.045979,255.415986,0.023606,94.717607
M2:,-124.89778,48.635384,0.215698,285.85847,0.10982,124.125997
S2:,-124.89778,48.635384,0.052714,314.160914,0.027268,150.650023
O1:,-124.90112,48.63936,0.101517,141.123405,0.05067,345.427391
P1:,-124.90112,48.63936,0.061627,164.293546,0.032304,10.337931
Q1:,-124.90112,48.63936,0.01744,134.28636,0.008492,342.036558
K1:,-124.90112,48.63936,0.197891,167.663045,0.103523,14.05699
K2:,-124.90112,48.63936,0.00886,275.323172,0.006659,102.129275
N2:,-124.90112,48.63936,0.045307,256.581343,0.022595,94.869083
M2:,-124.90112,48.63936,0.212343,286.995214,0.105313,124.132802
S2:,-124.90112,48.63936,0.051815,315.224851,0.026314,150.655922
O1:,-124.904465,48.64333,0.099982,142.221031,0.048199,343.819575
P1:,-124.904465,48.64333,0.060689,165.461406,0.03088,8.584621
Q1:,-124.904465,48.64333,0.017139,135.504663,0.008067,340.564803
K1:,-124.904465,48.64333,0.194762,168.860083,0.098939,12.3022
K2:,-124.904465,48.64333,0.008756,275.996809,0.006456,105.799902
N2:,-124.904465,48.64333,0.044656,257.780627,0.021585,95.036258
M2:,-124.904465,48.64333,0.209079,288.167337,0.100807,124.141744
S2:,-124.904465,48.64333,0.050936,316.325151,0.02536,150.663514
O1:,-124.90781,48.647305,0.098483,143.35308,0.045768,342.036493
P1:,-124.90781,48.647305,0.059776,166.666106,0.029486,6.660486
Q1:,-124.90781,48.647305,0.016846,136.766558,0.007648,338.927534
K1:,-124.90781,48.647305,0.191718,170.096372,0.094452,10.375562
K2:,-124.90781,48.647305,0.008653,276.687751,0.006281,109.694768
N2:,-124.90781,48.647305,0.044024,259.015932,0.020574,95.2193
M2:,-124.90781,48.647305,0.205901,289.377162,0.096299,124.150859
S2:,-124.90781,48.647305,0.050075,317.464746,0.024405,150.671161
O1:,-124.91115,48.651276,0.097169,144.631907,0.043517,340.38106
P1:,-124.91115,48.651276,0.058989,168.029144,0.028184,4.930251
Q1:,-124.91115,48.651276,0.016582,138.215607,0.00725,337.378229
K1:,-124.91115,48.651276,0.189097,171.492648,0.090266,8.652351
K2:,-124.91115,48.651276,0.008589,277.061288,0.006171,113.658239
N2:,-124.91115,48.651276,0.043431,260.235589,0.019588,95.355433
M2:,-124.91115,48.651276,0.202937,290.572614,0.091901,124.128265
S2:,-124.91115,48.651276,0.049269,318.573331,0.023478,150.641182
O1:,-124.91449,48.655247,0.093261,146.151233,0.039965,337.07164
P1:,-124.91449,48.655247,0.056811,169.432021,0.025944,1.421174
Q1:,-124.91449,48.655247,0.015829,139.885014,0.006689,333.798086
K1:,-124.91449,48.655247,0.182044,172.893886,0.083145,5.129167
K2:,-124.91449,48.655247,0.008663,280.556734,0.00573,116.905379
N2:,-124.91449,48.655247,0.04232,261.463986,0.018485,93.937906
M2:,-124.91449,48.655247,0.1978,291.748302,0.086937,122.742427
S2:,-124.91449,48.655247,0.048211,319.770251,0.02231,149.80958
O1:,-124.91784,48.65922,0.090581,147.787892,0.036326,333.277424
P1:,-124.91784,48.65922,0.055449,171.18421,0.023568,357.71284
Q1:,-124.91784,48.65922,0.015263,141.712612,0.006081,329.531447
K1:,-124.91784,48.65922,0.17756,174.645509,0.07561,1.397074
K2:,-124.91784,48.65922,0.008561,284.063441,0.005231,117.899962
N2:,-124.91784,48.65922,0.041135,262.693925,0.017339,91.767641
M2:,-124.91784,48.65922,0.192527,292.95685,0.081687,120.764577
S2:,-124.91784,48.65922,0.047093,321.061292,0.020993,148.395941
O1:,-124.92118,48.663193,0.087976,149.521257,0.032885,328.664668
P1:,-124.92118,48.663193,0.054139,173.020079,0.021315,353.196152
Q1:,-124.92118,48.663193,0.014714,143.67679,0.005515,324.354364
K1:,-124.92118,48.663193,0.17324,176.483287,0.068475,356.862438
K2:,-124.92118,48.663193,0.008493,287.638431,0.004734,119.113118
N2:,-124.92118,48.663193,0.039971,263.994932,0.016223,89.295922
M2:,-124.92118,48.663193,0.187346,294.231471,0.076555,118.519285
S2:,-124.92118,48.663193,0.046001,322.412815,0.019692,146.795623
O1:,-124.92452,48.667164,0.085539,150.909762,0.029879,323.474628
P1:,-124.92452,48.667164,0.052995,174.525746,0.019327,348.117492
Q1:,-124.92452,48.667164,0.014203,145.319011,0.005028,318.598319
K1:,-124.92452,48.667164,0.169503,178.019727,0.062138,351.779135
K2:,-124.92452,48.667164,0.008448,291.209223,0.004244,120.233123
N2:,-124.92452,48.667164,0.038847,265.328246,0.015163,86.589194
M2:,-124.92452,48.667164,0.182334,295.533441,0.071652,116.049241
S2:,-124.92452,48.667164,0.04494,323.794479,0.018423,144.994049
O1:,-124.927864,48.671135,0.084154,147.591206,0.028815,322.428164
P1:,-124.927864,48.671135,0.053078,171.690059,0.018496,347.261736
Q1:,-124.927864,48.671135,0.01393,142.030023,0.004826,317.862156
K1:,-124.927864,48.671135,0.170145,175.494583,0.058919,350.922907
K2:,-124.927864,48.671135,0.00832,294.362025,0.003811,117.253495
N2:,-124.927864,48.671135,0.037928,266.256468,0.014351,84.886561
M2:,-124.927864,48.671135,0.178112,296.431803,0.067836,114.280329
S2:,-124.927864,48.671135,0.043939,324.873888,0.017316,143.198487
O1:,-124.931206,48.675106,0.08366,144.779058,0.028909,322.020736
P1:,-124.931206,48.675106,0.053486,169.190319,0.018628,347.066633
Q1:,-124.931206,48.675106,0.013809,139.280819,0.004823,317.701214
K1:,-124.931206,48.675106,0.171637,173.235327,0.059008,350.780863
K2:,-124.931206,48.675106,0.008368,297.440375,0.003393,115.445105
N2:,-124.931206,48.675106,0.037819,266.900548,0.013894,85.046316
M2:,-124.931206,48.675106,0.177609,296.99508,0.065797,114.321624
S2:,-124.931206,48.675106,0.043892,325.61989,0.016648,143.190827
O1:,-124.93455,48.679077,0.083644,142.658956,0.029911,321.710476
P1:,-124.93455,48.679077,0.053968,167.358737,0.019426,347.102453
Q1:,-124.93455,48.679077,0.013765,137.246059,0.004961,317.41627
K1:,-124.93455,48.679077,0.173203,171.560886,0.061432,350.926402
K2:,-124.93455,48.679077,0.00837,299.953146,0.003062,113.526483
N2:,-124.93455,48.679077,0.037875,267.204531,0.013837,86.030292
M2:,-124.93455,48.679077,0.177929,297.223691,0.065636,115.266324
S2:,-124.93455,48.679077,0.044039,326.018621,0.01645,144.064223
O1:,-124.9379,48.68305,0.083852,142.43643,0.032686,320.709531
P1:,-124.9379,48.68305,0.054056,167.573711,0.021319,346.905638
Q1:,-124.9379,48.68305,0.013754,137.164142,0.005336,315.720499
K1:,-124.9379,48.68305,0.173218,171.724741,0.067823,350.94615
K2:,-124.9379,48.68305,0.007843,300.682619,0.003081,109.344648
N2:,-124.9379,48.68305,0.03722,266.649747,0.014831,86.784124
M2:,-124.9379,48.68305,0.17526,296.699004,0.070226,116.395005
S2:,-124.9379,48.68305,0.043347,325.632575,0.017449,145.015876
O1:,-124.94124,48.687016,0.084102,142.187834,0.035137,319.912075
P1:,-124.94124,48.687016,0.054175,167.757778,0.022985,346.749542
Q1:,-124.94124,48.687016,0.013751,137.049491,0.005667,314.340926
K1:,-124.94124,48.687016,0.173365,171.863376,0.073475,350.960476
K2:,-124.94124,48.687016,0.007337,301.16686,0.003097,105.454541
N2:,-124.94124,48.687016,0.03661,265.982409,0.015682,87.303122
M2:,-124.94124,48.687016,0.172804,296.066657,0.074169,117.228736
S2:,-124.94124,48.687016,0.042712,325.135078,0.018296,145.723404
O1:,-124.94458,48.690987,0.085017,141.544181,0.032643,319.861012
P1:,-124.94458,48.690987,0.05477,167.509936,0.021289,346.746223
Q1:,-124.94458,48.690987,0.013866,136.460757,0.00527,314.40991
K1:,-124.94458,48.690987,0.175573,171.643937,0.068153,350.959003
K2:,-124.94458,48.690987,0.007124,296.319372,0.002811,104.637841
N2:,-124.94458,48.690987,0.036652,263.897223,0.014387,85.554722
M2:,-124.94458,48.690987,0.173427,294.043079,0.068149,115.553609
S2:,-124.94458,48.690987,0.042905,323.142541,0.016833,144.17252
O1:,-124.94792,48.694958,0.085943,140.914317,0.030149,319.801501
P1:,-124.94792,48.694958,0.055366,167.267425,0.019593,346.742329
Q1:,-124.94792,48.694958,0.013984,135.881834,0.004872,314.490155
K1:,-124.94792,48.694958,0.177783,171.429951,0.062832,350.957281
K2:,-124.94792,48.694958,0.006965,291.212642,0.002526,103.636615
N2:,-124.94792,48.694958,0.036743,261.81959,0.013108,83.46288
M2:,-124.94792,48.694958,0.174265,292.036476,0.062199,113.556002
S2:,-124.94792,48.694958,0.043149,321.170213,0.015385,142.328055
